scenario,scenario_label,arrangement,number_of_households,load_folder,en_opex,en_capex_repayment,pv_capex_repayment,average_hh_bill$,average_hh_solar_bill$,average_hh_total$,central_battery_SOH_mean,central_battery_capacity_kWh_mean,central_battery_cycles_mean,checksum_total_payments$_mean,cp_ratio_mean,cust_bill_cp_mean,cust_solar_bill_cp_mean,cust_total$_cp_mean,eno$_bat_capex_repay_mean,eno$_demand_charge_mean,eno$_energy_bill_mean,eno$_npv_building_mean,eno$_receipts_from_residents_mean,eno$_total_payment_mean,eno_net$_mean,export_kWh_mean,import_kWh_mean,pv_ratio_mean,retailer_bill$_mean,retailer_receipt$_mean,self-consumption_mean,self-consumption_OLD_mean,self-sufficiency_mean,self-sufficiency_OLD_mean,solar_retailer_profit_mean,total$_building_costs_mean,total_battery_losses_mean,total_building_load_mean,pv_filename,load_folder_y,arrangement_y,pv_cap_id,cp,all_residents,parent,network_tariff,en_capex_id,a_term,a_rate,pv_name,kwp,kwp_unit,npv_unit,bau_npv,npv_u_cf_bau,average_hh_bill_saving,average_hh_total_saving,bau_scenario,annual_generation,emissions_avoided_kg,carbon_offset_$,annual_carbon_offset_$_unit,total_carbon_offset_$_unit,npv_u_cf_bau_pa,total_npv_cf_bau_pa,site_tag,system_tag
0,C_bldg2_000,bau,12.0,C,0.0,0.0,0.0,722.5794001742662,0.0,722.5794001742662,0.0,0.0,0.0,0.0,21.020477998911687,1520.348518395887,0.0,1520.348518395887,0.0,0.0,0.0,-43299.60234528248,0.0,0.0,0.0,0.010515555555555554,22968.824201666666,0.0,2295.00870154225,10191.301320487082,100.0,100.0,0.0,0.0,0.0,10191.301320487082,0.0,22968.813686111098,zero,C,bau,,EASO_TOU_15pc,EASO_TOU_15pc,TIDNULL,EA225,,5,0.06,,0.0,0.0,-3608.3001954402066,-3608.3001954402066,0.0,0.0,0.0,0.0,0.0,0.0,0.0,0.0,0.0,0.0,0.0,a12_cp21,a12_cp21_pv000
1,C_bldg2_001,bau,12.0,C,0.0,0.0,0.0,722.5794001742662,0.0,722.5794001742662,0.0,0.0,0.0,0.0,21.020477998911687,1520.348518395887,0.0,1520.348518395887,0.0,0.0,0.0,-76030.35258605778,0.0,0.0,0.0,0.010515555555555554,22968.824201666666,0.0,2295.00870154225,10191.301320487082,100.0,100.0,0.0,0.0,0.0,10191.301320487082,0.0,22968.813686111098,zero,C,bau,,EASO_TOU_15pc,EASO_TOU_15pc,TIDNULL,EA225,,10,0.06,,0.0,0.0,-6335.862715504815,-6335.862715504815,0.0,0.0,0.0,1.0,0.0,0.0,0.0,0.0,0.0,0.0,0.0,a12_cp21,a12_cp21_pv000
3,C_bldg2_003,bau,12.0,C,0.0,0.0,0.0,722.5794001742662,0.0,722.5794001742662,0.0,0.0,0.0,0.0,21.020477998911687,1520.348518395887,0.0,1520.348518395887,0.0,0.0,0.0,-118285.91249668367,0.0,0.0,0.0,0.010515555555555554,22968.824201666666,0.0,2295.00870154225,10191.301320487082,100.0,100.0,0.0,0.0,0.0,10191.301320487082,0.0,22968.813686111098,zero,C,bau,,EASO_TOU_15pc,EASO_TOU_15pc,TIDNULL,EA225,,20,0.06,,0.0,0.0,-9857.159374723638,-9857.159374723638,0.0,0.0,0.0,3.0,0.0,0.0,0.0,0.0,0.0,0.0,0.0,a12_cp21,a12_cp21_pv000
10,C_bldg2_010,cp_only,12.0,C,0.0,0.0,2947.478921176634,722.5793300705626,0.0,722.5793300705626,0.0,0.0,0.0,2.3283064365386963e-12,21.020477998911687,70.1767111309449,0.0,3017.655632307579,0.0,0.0,0.0,-49661.181122789385,0.0,0.0,0.0,11116.414606107119,21175.30757560304,56.206301696902955,1680.5341934342948,8741.128671977694,13.892464174468707,13.892464174468314,7.808440327036036,7.80844032703601,0.0,11688.60759315433,0.0,22968.813686111098,C_max_pv.csv,C,cp_only,C_max_pv,EASO_TOU_15pc_FIT8,EASO_TOU_15pc_FIT8,TIDNULL,EA225,,5,0.06,C_max_pv,10.5,0.875,-4138.431760232449,-3608.3001954402066,-530.1315647922424,7.01037035923946e-05,7.01037035923946e-05,0.0,12909.920716615188,10005.18855537677,795.7126458091145,66.30938715075955,331.54693575379775,-106.02631295844849,-1272.3157555013818,a12_cp21,a12_cp21_pv010
11,C_bldg2_011,cp_only,12.0,C,0.0,0.0,1692.618572602414,722.5793300705626,0.0,722.5793300705626,0.0,0.0,0.0,0.0,21.020477998911687,70.1767111309449,0.0,1762.7952837333592,0.0,0.0,0.0,-77839.07637040812,0.0,0.0,0.0,11116.414606107119,21175.30757560304,56.206301696902955,1680.5341934342948,8741.128671977694,13.892464174468707,13.892464174468314,7.808440327036036,7.80844032703601,0.0,10433.747244580107,0.0,22968.813686111098,C_max_pv.csv,C,cp_only,C_max_pv,EASO_TOU_15pc_FIT8,EASO_TOU_15pc_FIT8,TIDNULL,EA225,,10,0.06,C_max_pv,10.5,0.875,-6486.58969753401,-6335.862715504815,-150.72698202919491,7.01037035923946e-05,7.01037035923946e-05,1.0,12909.920716615188,10005.18855537677,795.7126458091145,66.30938715075955,663.0938715075955,-15.072698202919492,-180.8723784350339,a12_cp21,a12_cp21_pv010
13,C_bldg2_013,cp_only,12.0,C,0.0,0.0,1679.0278286494454,722.5793300705626,0.0,722.5793300705626,0.0,0.0,0.0,0.0,21.020477998911687,70.1767111309449,0.0,1749.2045397803906,0.0,0.0,0.0,-120942.1330284072,0.0,0.0,0.0,11116.414606107119,21175.30757560304,56.206301696902955,1680.5341934342948,8741.128671977694,13.892464174468707,13.892464174468314,7.808440327036036,7.80844032703601,0.0,10420.156500627141,0.0,22968.813686111098,C_max_pv.csv,C,cp_only,C_max_pv,EASO_TOU_15pc_FIT8,EASO_TOU_15pc_FIT8,TIDNULL,EA225,,20,0.06,C_max_pv,10.5,0.875,-10078.5110857006,-9857.159374723638,-221.35171097696184,7.01037035923946e-05,7.01037035923946e-05,3.0,12909.920716615188,10005.18855537677,795.7126458091145,66.30938715075955,1326.187743015191,-11.067585548848092,-132.8110265861771,a12_cp21,a12_cp21_pv010
910,C_bldg2_910,btm_i_c,12.0,C,0.0,0.0,2947.478921176634,583.2455769523327,0.0,777.237640538011,0.0,0.0,0.0,0.0,21.020477998911687,961.4585871575244,0.0,1581.0327453060183,0.0,0.0,0.0,-46344.13638365715,0.0,0.0,0.0,7823.6536403750915,17882.54660987101,56.206301696903154,1680.5341934342948,7960.405510585515,39.398127904023646,39.398127904023646,22.144230632667323,22.144230632667288,0.0,10907.88443176215,0.0,22968.813686111098,C_max_pv.csv,C,btm_i_c,C_max_pv,EASO_TOU_15pc_FIT8,EASO_TOU_15pc_FIT8,TIDNULL,EA225,,5,0.06,C_max_pv,10.5,0.875,-3862.0113653047624,-3608.3001954402066,-253.7111698645558,139.33382322193347,-54.65824036374477,0.0,12909.920716615194,10005.188555376773,795.7126458091149,66.30938715075958,331.54693575379787,-50.742233972911166,-608.906807674934,a12_cp21,a12_cp21_pv010
911,C_bldg2_911,btm_i_c,12.0,C,0.0,0.0,1692.618572602414,583.2455769523327,0.0,694.6474151142519,0.0,0.0,0.0,-2.3283064365386963e-12,21.020477998911687,961.4585871575244,0.0,1317.2551018169079,0.0,0.0,0.0,-72014.633017583,0.0,0.0,0.0,7823.6536403750915,17882.54660987101,56.206301696903154,1680.5341934342948,7960.405510585515,39.398127904023646,39.398127904023646,22.144230632667323,22.144230632667288,0.0,9653.024083187933,0.0,22968.813686111098,C_max_pv.csv,C,btm_i_c,C_max_pv,EASO_TOU_15pc_FIT8,EASO_TOU_15pc_FIT8,TIDNULL,EA225,,10,0.06,C_max_pv,10.5,0.875,-6001.219418131916,-6335.862715504815,334.6432973728988,139.33382322193347,27.931985060014313,1.0,12909.920716615194,10005.188555376773,795.7126458091149,66.30938715075958,663.0938715075957,33.46432973728988,401.57195684747853,a12_cp21,a12_cp21_pv010
913,C_bldg2_913,btm_i_c,12.0,C,0.0,0.0,1679.0278286494454,583.2455769523327,0.0,693.7529230633812,0.0,0.0,0.0,1.1641532182693482e-12,21.020477998911687,961.4585871575244,0.0,1314.3982624743855,0.0,0.0,0.0,-111880.62570481107,0.0,0.0,0.0,7823.6536403750915,17882.54660987101,56.206301696903154,1680.5341934342948,7960.405510585515,39.398127904023646,39.398127904023646,22.144230632667323,22.144230632667288,0.0,9639.43333923496,0.0,22968.813686111098,C_max_pv.csv,C,btm_i_c,C_max_pv,EASO_TOU_15pc_FIT8,EASO_TOU_15pc_FIT8,TIDNULL,EA225,,20,0.06,C_max_pv,10.5,0.875,-9323.385475400923,-9857.159374723638,533.7738993227158,139.33382322193347,28.82647711088498,3.0,12909.920716615194,10005.188555376773,795.7126458091149,66.30938715075958,1326.1877430151915,26.68869496613579,320.26433959362953,a12_cp21,a12_cp21_pv010
95,C_bldg2_095,btm_p_c,12.0,C,778.44,2626.1677597575367,2947.478921176634,606.0137150521766,73.33174964935547,679.345464701532,0.0,0.0,0.0,3.4924596548080443e-12,21.020477998911687,1051.9978560594325,297.89781468806063,1349.8956707474927,0.0,0.0,0.0,-40371.155216818814,0.0,0.0,0.0,6961.037835401422,17019.93080489734,56.20630169690322,1680.5341934342948,8324.162436685552,46.07993350073401,46.07993350073411,25.899826445154943,25.8998264451549,-5174.207870453843,9502.041247165876,0.0,22968.813686111098,C_max_pv.csv,C,btm_p_c,C_max_pv,SIT_15_ppa1,SIT_15_ppa1,TIDNULL,EA225,ppa_1,5,0.06,C_max_pv,10.5,0.875,-3364.262934734901,-3608.3001954402066,244.03726070530547,43.2339354727341,43.233935472734174,0.0,12909.920716615194,10005.188555376773,795.7126458091149,66.30938715075958,331.54693575379787,48.80745214106109,585.689425692733,a12_cp21,a12_cp21_pv010
96,C_bldg2_096,btm_p_c,12.0,C,778.44,1508.1024983753894,1692.618572602414,606.0137150521766,73.33174964935547,679.345464701532,0.0,0.0,0.0,2.3283064365386963e-12,21.020477998911687,1051.9978560594325,297.89781468806063,1349.8956707474927,0.0,0.0,0.0,-70888.25299051778,0.0,0.0,0.0,6961.037835401422,17019.93080489734,56.20630169690322,1680.5341934342948,8324.162436685552,46.07993350073401,46.07993350073411,25.899826445154943,25.8998264451549,-2801.2822604974776,9502.041247165876,0.0,22968.813686111098,C_max_pv.csv,C,btm_p_c,C_max_pv,SIT_15_ppa1,SIT_15_ppa1,TIDNULL,EA225,ppa_1,10,0.06,C_max_pv,10.5,0.875,-5907.354415876482,-6335.862715504815,428.5082996283336,43.2339354727341,43.233935472734174,1.0,12909.920716615194,10005.188555376773,795.7126458091149,66.30938715075958,663.0938715075957,42.85082996283336,514.2099595540003,a12_cp21,a12_cp21_pv010
98,C_bldg2_098,btm_p_c,12.0,C,778.44,973.1999498367501,1679.0278286494454,606.0137150521766,73.33174964935547,679.345464701532,0.0,0.0,0.0,2.3283064365386963e-12,21.020477998911687,1051.9978560594325,297.89781468806063,1349.8956707474927,0.0,0.0,0.0,-110285.97665370797,0.0,0.0,0.0,6961.037835401422,17019.93080489734,56.20630169690322,1680.5341934342948,8324.162436685552,46.07993350073401,46.07993350073411,25.899826445154943,25.8998264451549,-2252.7889680058693,9502.041247165876,0.0,22968.813686111098,C_max_pv.csv,C,btm_p_c,C_max_pv,SIT_15_ppa1,SIT_15_ppa1,TIDNULL,EA225,ppa_1,20,0.06,C_max_pv,10.5,0.875,-9190.498054475664,-9857.159374723638,666.6613202479748,43.2339354727341,43.233935472734174,3.0,12909.920716615194,10005.188555376773,795.7126458091149,66.30938715075958,1326.1877430151915,33.33306601239874,399.99679214878483,a12_cp21,a12_cp21_pv010
100,C_bldg2_100,btm_p_c,12.0,C,778.44,2626.1677597575367,2947.478921176634,573.1649610400403,106.1805036614917,679.345464701532,0.0,0.0,0.0,1.1641532182693482e-12,21.020477998911687,889.2998773729532,460.5957933745397,1349.8956707474927,0.0,0.0,0.0,-40371.155216818814,0.0,0.0,0.0,6961.037835401422,17019.93080489734,56.20630169690322,1680.5341934342948,7767.279409853439,46.07993350073401,46.07993350073411,25.899826445154943,25.8998264451549,-4617.324843621729,9502.041247165876,0.0,22968.813686111098,C_max_pv.csv,C,btm_p_c,C_max_pv,SIT_15_FIT8_ppa1,SIT_15_FIT8_ppa1,TIDNULL,EA225,ppa_1,5,0.06,C_max_pv,10.5,0.875,-3364.262934734901,-3608.3001954402066,244.03726070530547,43.23393547273416,43.233935472734174,0.0,12909.920716615194,10005.188555376773,795.7126458091149,66.30938715075958,331.54693575379787,48.80745214106109,585.689425692733,a12_cp21,a12_cp21_pv010
101,C_bldg2_101,btm_p_c,12.0,C,778.44,1508.1024983753894,1692.618572602414,573.1649610400403,106.1805036614917,679.345464701532,0.0,0.0,0.0,1.1641532182693482e-12,21.020477998911687,889.2998773729532,460.5957933745397,1349.8956707474927,0.0,0.0,0.0,-70888.25299051781,0.0,0.0,0.0,6961.037835401422,17019.93080489734,56.20630169690322,1680.5341934342948,7767.279409853439,46.07993350073401,46.07993350073411,25.899826445154943,25.8998264451549,-2244.399233665364,9502.041247165876,0.0,22968.813686111098,C_max_pv.csv,C,btm_p_c,C_max_pv,SIT_15_FIT8_ppa1,SIT_15_FIT8_ppa1,TIDNULL,EA225,ppa_1,10,0.06,C_max_pv,10.5,0.875,-5907.354415876484,-6335.862715504815,428.50829962833086,43.23393547273416,43.233935472734174,1.0,12909.920716615194,10005.188555376773,795.7126458091149,66.30938715075958,663.0938715075957,42.85082996283309,514.2099595539971,a12_cp21,a12_cp21_pv010
103,C_bldg2_103,btm_p_c,12.0,C,778.44,973.1999498367501,1679.0278286494454,573.1649610400403,106.1805036614917,679.345464701532,0.0,0.0,0.0,1.1641532182693482e-12,21.020477998911687,889.2998773729532,460.5957933745397,1349.8956707474927,0.0,0.0,0.0,-110285.97665370797,0.0,0.0,0.0,6961.037835401422,17019.93080489734,56.20630169690322,1680.5341934342948,7767.279409853439,46.07993350073401,46.07993350073411,25.899826445154943,25.8998264451549,-1695.9059411737555,9502.041247165876,0.0,22968.813686111098,C_max_pv.csv,C,btm_p_c,C_max_pv,SIT_15_FIT8_ppa1,SIT_15_FIT8_ppa1,TIDNULL,EA225,ppa_1,20,0.06,C_max_pv,10.5,0.875,-9190.498054475664,-9857.159374723638,666.6613202479748,43.23393547273416,43.233935472734174,3.0,12909.920716615194,10005.188555376773,795.7126458091149,66.30938715075958,1326.1877430151915,33.33306601239874,399.99679214878483,a12_cp21,a12_cp21_pv010
105,C_bldg2_105,btm_p_c,12.0,C,778.44,2626.1677597575367,2947.478921176634,556.7405840339724,122.6048806675598,679.345464701532,0.0,0.0,0.0,-1.1641532182693482e-12,21.020477998911687,807.9508880297137,541.9447827177792,1349.8956707474927,0.0,0.0,0.0,-40371.15521681882,0.0,0.0,0.0,6961.037835401422,17019.93080489734,56.20630169690322,1680.5341934342948,7488.8378964373815,46.07993350073401,46.07993350073411,25.899826445154943,25.8998264451549,-4338.883330205673,9502.041247165878,0.0,22968.813686111098,C_max_pv.csv,C,btm_p_c,C_max_pv,SIT_15_FIT12_ppa1,SIT_15_FIT12_ppa1,TIDNULL,EA225,ppa_1,5,0.06,C_max_pv,10.5,0.875,-3364.2629347349016,-3608.3001954402066,244.03726070530502,43.23393547273403,43.233935472734174,0.0,12909.920716615194,10005.188555376773,795.7126458091149,66.30938715075958,331.54693575379787,48.807452141061006,585.6894256927321,a12_cp21,a12_cp21_pv010
106,C_bldg2_106,btm_p_c,12.0,C,778.44,1508.1024983753894,1692.618572602414,556.7405840339724,122.6048806675598,679.345464701532,0.0,0.0,0.0,0.0,21.020477998911687,807.9508880297137,541.9447827177792,1349.8956707474927,0.0,0.0,0.0,-70888.25299051781,0.0,0.0,0.0,6961.037835401422,17019.93080489734,56.20630169690322,1680.5341934342948,7488.8378964373815,46.07993350073401,46.07993350073411,25.899826445154943,25.8998264451549,-1965.9577202493072,9502.041247165878,0.0,22968.813686111098,C_max_pv.csv,C,btm_p_c,C_max_pv,SIT_15_FIT12_ppa1,SIT_15_FIT12_ppa1,TIDNULL,EA225,ppa_1,10,0.06,C_max_pv,10.5,0.875,-5907.354415876484,-6335.862715504815,428.50829962833086,43.23393547273403,43.233935472734174,1.0,12909.920716615194,10005.188555376773,795.7126458091149,66.30938715075958,663.0938715075957,42.85082996283309,514.2099595539971,a12_cp21,a12_cp21_pv010
108,C_bldg2_108,btm_p_c,12.0,C,778.44,973.1999498367501,1679.0278286494454,556.7405840339724,122.6048806675598,679.345464701532,0.0,0.0,0.0,0.0,21.020477998911687,807.9508880297137,541.9447827177792,1349.8956707474927,0.0,0.0,0.0,-110285.97665370801,0.0,0.0,0.0,6961.037835401422,17019.93080489734,56.20630169690322,1680.5341934342948,7488.8378964373815,46.07993350073401,46.07993350073411,25.899826445154943,25.8998264451549,-1417.4644277576986,9502.041247165878,0.0,22968.813686111098,C_max_pv.csv,C,btm_p_c,C_max_pv,SIT_15_FIT12_ppa1,SIT_15_FIT12_ppa1,TIDNULL,EA225,ppa_1,20,0.06,C_max_pv,10.5,0.875,-9190.498054475667,-9857.159374723638,666.6613202479712,43.23393547273403,43.233935472734174,3.0,12909.920716615194,10005.188555376773,795.7126458091149,66.30938715075958,1326.1877430151915,33.33306601239856,399.99679214878273,a12_cp21,a12_cp21_pv010
110,C_bldg2_110,btm_p_c,12.0,C,778.44,2626.1677597575367,2947.478921176634,606.0137150521766,81.47972183261719,687.4934368847937,0.0,0.0,0.0,3.4924596548080443e-12,21.020477998911687,1051.9978560594325,330.99757187562284,1382.9954279350554,0.0,0.0,0.0,-40927.20332208118,0.0,0.0,0.0,6961.037835401422,17019.93080489734,56.20630169690322,1680.5341934342948,8324.162436685552,46.07993350073401,46.07993350073411,25.899826445154943,25.8998264451549,-5043.332447067141,9632.91667055258,0.0,22968.813686111098,C_max_pv.csv,C,btm_p_c,C_max_pv,SIT_15_ppa2,SIT_15_ppa2,TIDNULL,EA225,ppa_1,5,0.06,C_max_pv,10.5,0.875,-3410.600276840098,-3608.3001954402066,197.6999186001085,35.08596328947239,35.08596328947249,0.0,12909.920716615194,10005.188555376773,795.7126458091149,66.30938715075958,331.54693575379787,39.5399837200217,474.47980464026045,a12_cp21,a12_cp21_pv010
111,C_bldg2_111,btm_p_c,12.0,C,778.44,1508.1024983753894,1692.618572602414,606.0137150521766,81.47972183261719,687.4934368847937,0.0,0.0,0.0,4.6566128730773935e-12,21.020477998911687,1051.9978560594325,330.99757187562284,1382.9954279350554,0.0,0.0,0.0,-71864.62531746854,0.0,0.0,0.0,6961.037835401422,17019.93080489734,56.20630169690322,1680.5341934342948,8324.162436685552,46.07993350073401,46.07993350073411,25.899826445154943,25.8998264451549,-2670.4068371107737,9632.91667055258,0.0,22968.813686111098,C_max_pv.csv,C,btm_p_c,C_max_pv,SIT_15_ppa2,SIT_15_ppa2,TIDNULL,EA225,ppa_1,10,0.06,C_max_pv,10.5,0.875,-5988.718776455712,-6335.862715504815,347.1439390491032,35.08596328947239,35.08596328947249,1.0,12909.920716615194,10005.188555376773,795.7126458091149,66.30938715075958,663.0938715075957,34.714393904910324,416.5727268589239,a12_cp21,a12_cp21_pv010
113,C_bldg2_113,btm_p_c,12.0,C,778.44,973.1999498367501,1679.0278286494454,606.0137150521766,81.47972183261719,687.4934368847937,0.0,0.0,0.0,4.6566128730773935e-12,21.020477998911687,1051.9978560594325,330.99757187562284,1382.9954279350554,0.0,0.0,0.0,-111804.9896228924,0.0,0.0,0.0,6961.037835401422,17019.93080489734,56.20630169690322,1680.5341934342948,8324.162436685552,46.07993350073401,46.07993350073411,25.899826445154943,25.8998264451549,-2121.9135446191667,9632.91667055258,0.0,22968.813686111098,C_max_pv.csv,C,btm_p_c,C_max_pv,SIT_15_ppa2,SIT_15_ppa2,TIDNULL,EA225,ppa_1,20,0.06,C_max_pv,10.5,0.875,-9317.082468574366,-9857.159374723638,540.076906149272,35.08596328947239,35.08596328947249,3.0,12909.920716615194,10005.188555376773,795.7126458091149,66.30938715075958,1326.1877430151915,27.0038453074636,324.0461436895632,a12_cp21,a12_cp21_pv010
115,C_bldg2_115,btm_p_c,12.0,C,778.44,2626.1677597575367,2947.478921176634,573.1649610400403,114.3284758447534,687.4934368847938,0.0,0.0,0.0,1.1641532182693482e-12,21.020477998911687,889.2998773729532,493.6955505621019,1382.9954279350554,0.0,0.0,0.0,-40927.20332208119,0.0,0.0,0.0,6961.037835401422,17019.93080489734,56.20630169690322,1680.5341934342948,7767.279409853439,46.07993350073401,46.07993350073411,25.899826445154943,25.8998264451549,-4486.449420235027,9632.916670552579,0.0,22968.813686111098,C_max_pv.csv,C,btm_p_c,C_max_pv,SIT_15_FIT8_ppa2,SIT_15_FIT8_ppa2,TIDNULL,EA225,ppa_1,5,0.06,C_max_pv,10.5,0.875,-3410.6002768400995,-3608.3001954402066,197.69991860010714,35.08596328947246,35.085963289472375,0.0,12909.920716615194,10005.188555376773,795.7126458091149,66.30938715075958,331.54693575379787,39.539983720021425,474.4798046402571,a12_cp21,a12_cp21_pv010
116,C_bldg2_116,btm_p_c,12.0,C,778.44,1508.1024983753894,1692.618572602414,573.1649610400403,114.3284758447534,687.4934368847938,0.0,0.0,0.0,0.0,21.020477998911687,889.2998773729532,493.6955505621019,1382.9954279350554,0.0,0.0,0.0,-71864.62531746857,0.0,0.0,0.0,6961.037835401422,17019.93080489734,56.20630169690322,1680.5341934342948,7767.279409853439,46.07993350073401,46.07993350073411,25.899826445154943,25.8998264451549,-2113.5238102786607,9632.916670552579,0.0,22968.813686111098,C_max_pv.csv,C,btm_p_c,C_max_pv,SIT_15_FIT8_ppa2,SIT_15_FIT8_ppa2,TIDNULL,EA225,ppa_1,10,0.06,C_max_pv,10.5,0.875,-5988.718776455714,-6335.862715504815,347.1439390491014,35.08596328947246,35.085963289472375,1.0,12909.920716615194,10005.188555376773,795.7126458091149,66.30938715075958,663.0938715075957,34.71439390491014,416.57272685892167,a12_cp21,a12_cp21_pv010
118,C_bldg2_118,btm_p_c,12.0,C,778.44,973.1999498367501,1679.0278286494454,573.1649610400403,114.3284758447534,687.4934368847938,0.0,0.0,0.0,0.0,21.020477998911687,889.2998773729532,493.6955505621019,1382.9954279350554,0.0,0.0,0.0,-111804.9896228924,0.0,0.0,0.0,6961.037835401422,17019.93080489734,56.20630169690322,1680.5341934342948,7767.279409853439,46.07993350073401,46.07993350073411,25.899826445154943,25.8998264451549,-1565.0305177870525,9632.916670552579,0.0,22968.813686111098,C_max_pv.csv,C,btm_p_c,C_max_pv,SIT_15_FIT8_ppa2,SIT_15_FIT8_ppa2,TIDNULL,EA225,ppa_1,20,0.06,C_max_pv,10.5,0.875,-9317.082468574366,-9857.159374723638,540.076906149272,35.08596328947246,35.085963289472375,3.0,12909.920716615194,10005.188555376773,795.7126458091149,66.30938715075958,1326.1877430151915,27.0038453074636,324.0461436895632,a12_cp21,a12_cp21_pv010
120,C_bldg2_120,btm_p_c,12.0,C,778.44,2626.1677597575367,2947.478921176634,556.7405840339724,130.75285285082148,687.4934368847937,0.0,0.0,0.0,2.3283064365386963e-12,21.020477998911687,807.9508880297137,575.0445399053415,1382.9954279350554,0.0,0.0,0.0,-40927.20332208118,0.0,0.0,0.0,6961.037835401422,17019.93080489734,56.20630169690322,1680.5341934342948,7488.8378964373815,46.07993350073401,46.07993350073411,25.899826445154943,25.8998264451549,-4208.007906818971,9632.91667055258,0.0,22968.813686111098,C_max_pv.csv,C,btm_p_c,C_max_pv,SIT_15_FIT12_ppa2,SIT_15_FIT12_ppa2,TIDNULL,EA225,ppa_1,5,0.06,C_max_pv,10.5,0.875,-3410.600276840098,-3608.3001954402066,197.6999186001085,35.085963289472346,35.08596328947249,0.0,12909.920716615194,10005.188555376773,795.7126458091149,66.30938715075958,331.54693575379787,39.5399837200217,474.47980464026045,a12_cp21,a12_cp21_pv010
121,C_bldg2_121,btm_p_c,12.0,C,778.44,1508.1024983753894,1692.618572602414,556.7405840339724,130.75285285082148,687.4934368847937,0.0,0.0,0.0,2.3283064365386963e-12,21.020477998911687,807.9508880297137,575.0445399053415,1382.9954279350554,0.0,0.0,0.0,-71864.62531746854,0.0,0.0,0.0,6961.037835401422,17019.93080489734,56.20630169690322,1680.5341934342948,7488.8378964373815,46.07993350073401,46.07993350073411,25.899826445154943,25.8998264451549,-1835.0822968626044,9632.91667055258,0.0,22968.813686111098,C_max_pv.csv,C,btm_p_c,C_max_pv,SIT_15_FIT12_ppa2,SIT_15_FIT12_ppa2,TIDNULL,EA225,ppa_1,10,0.06,C_max_pv,10.5,0.875,-5988.718776455712,-6335.862715504815,347.1439390491032,35.085963289472346,35.08596328947249,1.0,12909.920716615194,10005.188555376773,795.7126458091149,66.30938715075958,663.0938715075957,34.714393904910324,416.5727268589239,a12_cp21,a12_cp21_pv010
123,C_bldg2_123,btm_p_c,12.0,C,778.44,973.1999498367501,1679.0278286494454,556.7405840339724,130.75285285082148,687.4934368847937,0.0,0.0,0.0,2.3283064365386963e-12,21.020477998911687,807.9508880297137,575.0445399053415,1382.9954279350554,0.0,0.0,0.0,-111804.9896228924,0.0,0.0,0.0,6961.037835401422,17019.93080489734,56.20630169690322,1680.5341934342948,7488.8378964373815,46.07993350073401,46.07993350073411,25.899826445154943,25.8998264451549,-1286.589004370996,9632.91667055258,0.0,22968.813686111098,C_max_pv.csv,C,btm_p_c,C_max_pv,SIT_15_FIT12_ppa2,SIT_15_FIT12_ppa2,TIDNULL,EA225,ppa_1,20,0.06,C_max_pv,10.5,0.875,-9317.082468574366,-9857.159374723638,540.076906149272,35.085963289472346,35.08596328947249,3.0,12909.920716615194,10005.188555376773,795.7126458091149,66.30938715075958,1326.1877430151915,27.0038453074636,324.0461436895632,a12_cp21,a12_cp21_pv010
2155,C_bldg2_2155,en,12.0,C,3000.0,1577.556604801347,0.0,0.0,0.0,0.0,0.0,0.0,0.0,0.0,21.020477998911687,0.0,0.0,0.0,0.0,0.0,4659.888874028694,-39246.971838180485,0.0,9237.445478830045,-9237.445478830045,0.0,22968.813686111112,0.0,2297.82431154225,4659.888874028694,100.0,100.0,0.0,0.0,0.0,9237.445478830045,0.0,22968.813686111098,zero,C,en,,TIDNULL,TIDNULL,EA225_p_TOU9,EA225_p,capex_low,5,0.06,,0.0,0.0,-3270.5809865150404,-3608.3001954402066,337.7192089251662,722.5794001742662,722.5794001742662,0.0,-1.689702197604781e-12,-1.3095192031437052e-12,-1.0414606222601888e-13,-8.678838518834906e-15,-4.339419259417453e-14,67.54384178503324,810.5261014203988,a12_cp21,a12_cp21_pv000
2156,C_bldg2_2156,en,12.0,C,3000.0,905.9272958438736,0.0,0.0,0.0,0.0,0.0,0.0,0.0,0.0,21.020477998911687,0.0,0.0,0.0,0.0,0.0,4659.888874028694,-63903.71583593218,0.0,8565.816169872567,-8565.816169872567,0.0,22968.813686111112,0.0,2297.82431154225,4659.888874028694,100.0,100.0,0.0,0.0,0.0,8565.816169872567,0.0,22968.813686111098,zero,C,en,,TIDNULL,TIDNULL,EA225_p_TOU9,EA225_p,capex_low,10,0.06,,0.0,0.0,-5325.309652994348,-6335.862715504815,1010.5530625104675,722.5794001742662,722.5794001742662,1.0,-1.689702197604781e-12,-1.3095192031437052e-12,-1.0414606222601888e-13,-8.678838518834906e-15,-8.678838518834906e-14,101.05530625104674,1212.6636750125608,a12_cp21,a12_cp21_pv000
2157,C_bldg2_2157,en,12.0,C,3000.0,584.6077437181889,0.0,0.0,0.0,0.0,0.0,0.0,0.0,0.0,21.020477998911687,0.0,0.0,0.0,0.0,0.0,4659.888874028694,-95690.21411874052,0.0,8244.496617746883,-8244.496617746883,0.0,22968.813686111112,0.0,2297.82431154225,4659.888874028694,100.0,100.0,0.0,0.0,0.0,8244.496617746883,0.0,22968.813686111098,zero,C,en,,TIDNULL,TIDNULL,EA225_p_TOU9,EA225_p,capex_low,20,0.06,,0.0,0.0,-7974.184509895043,-9857.159374723638,1882.974864828595,722.5794001742662,722.5794001742662,3.0,-1.689702197604781e-12,-1.3095192031437052e-12,-1.0414606222601888e-13,-8.678838518834906e-15,-1.7357677037669811e-13,94.14874324142974,1129.7849188971568,a12_cp21,a12_cp21_pv000
2158,C_bldg2_2158,en,12.0,C,3000.0,5753.441735157854,0.0,0.0,0.0,0.0,0.0,0.0,0.0,0.0,21.020477998911687,0.0,0.0,0.0,0.0,0.0,4659.888874028694,-56988.9814106512,0.0,13413.330609186547,-13413.330609186547,0.0,22968.813686111112,0.0,2297.82431154225,4659.888874028694,100.0,100.0,0.0,0.0,0.0,13413.330609186547,0.0,22968.813686111098,zero,C,en,,TIDNULL,TIDNULL,EA225_p_TOU9,EA225_p,capex_med,5,0.06,,0.0,0.0,-4749.0817842209335,-3608.3001954402066,-1140.781588780727,722.5794001742662,722.5794001742662,0.0,-1.689702197604781e-12,-1.3095192031437052e-12,-1.0414606222601888e-13,-8.678838518834906e-15,-4.339419259417453e-14,-228.15631775614537,-2737.875813073744,a12_cp21,a12_cp21_pv000
2159,C_bldg2_2159,en,12.0,C,3000.0,3303.970137783539,0.0,0.0,0.0,0.0,0.0,0.0,0.0,0.0,21.020477998911687,0.0,0.0,0.0,0.0,0.0,4659.888874028694,-81793.8789324376,0.0,10963.859011812234,-10963.859011812234,0.0,22968.813686111112,0.0,2297.82431154225,4659.888874028694,100.0,100.0,0.0,0.0,0.0,10963.859011812234,0.0,22968.813686111098,zero,C,en,,TIDNULL,TIDNULL,EA225_p_TOU9,EA225_p,capex_med,10,0.06,,0.0,0.0,-6816.156577703133,-6335.862715504815,-480.2938621983176,722.5794001742662,722.5794001742662,1.0,-1.689702197604781e-12,-1.3095192031437052e-12,-1.0414606222601888e-13,-8.678838518834906e-15,-8.678838518834906e-14,-48.02938621983176,-576.352634637981,a12_cp21,a12_cp21_pv000
2160,C_bldg2_2160,en,12.0,C,3000.0,2132.0988300310423,0.0,0.0,0.0,0.0,0.0,0.0,0.0,0.0,21.020477998911687,0.0,0.0,0.0,0.0,0.0,4659.888874028694,-113651.2565282148,0.0,9791.987704059737,-9791.987704059737,0.0,22968.813686111112,0.0,2297.82431154225,4659.888874028694,100.0,100.0,0.0,0.0,0.0,9791.987704059737,0.0,22968.813686111098,zero,C,en,,TIDNULL,TIDNULL,EA225_p_TOU9,EA225_p,capex_med,20,0.06,,0.0,0.0,-9470.9380440179,-9857.159374723638,386.2213307057391,722.5794001742662,722.5794001742662,3.0,-1.689702197604781e-12,-1.3095192031437052e-12,-1.0414606222601888e-13,-8.678838518834906e-15,-1.7357677037669811e-13,19.311066535286955,231.73279842344346,a12_cp21,a12_cp21_pv000
2161,C_bldg2_2161,en,12.0,C,3000.0,1577.556604801347,0.0,0.0,0.0,0.0,0.0,0.0,0.0,0.0,21.020477998911687,0.0,0.0,0.0,0.0,0.0,5349.0814500955,-42175.13219224873,0.0,9926.638054896846,-9926.638054896846,0.0,22968.813686111112,0.0,2297.82431154225,5349.0814500955,100.0,100.0,0.0,0.0,0.0,9926.638054896846,0.0,22968.813686111098,zero,C,en,,TIDNULL,TIDNULL,EA225_p_TOU12,EA225_p,capex_low,5,0.06,,0.0,0.0,-3514.5943493540613,-3608.3001954402066,93.70584608614536,722.5794001742662,722.5794001742662,0.0,-1.689702197604781e-12,-1.3095192031437052e-12,-1.0414606222601888e-13,-8.678838518834906e-15,-4.339419259417453e-14,18.74116921722907,224.89403060674886,a12_cp21,a12_cp21_pv000
2162,C_bldg2_2162,en,12.0,C,3000.0,905.9272958438736,0.0,0.0,0.0,0.0,0.0,0.0,0.0,0.0,21.020477998911687,0.0,0.0,0.0,0.0,0.0,5349.0814500955,-69045.3118804644,0.0,9255.008745939374,-9255.008745939374,0.0,22968.813686111112,0.0,2297.82431154225,5349.0814500955,100.0,100.0,0.0,0.0,0.0,9255.008745939374,0.0,22968.813686111098,zero,C,en,,TIDNULL,TIDNULL,EA225_p_TOU12,EA225_p,capex_low,10,0.06,,0.0,0.0,-5753.7759900387,-6335.862715504815,582.0867254661152,722.5794001742662,722.5794001742662,1.0,-1.689702197604781e-12,-1.3095192031437052e-12,-1.0414606222601888e-13,-8.678838518834906e-15,-8.678838518834906e-14,58.208672546611524,698.5040705593383,a12_cp21,a12_cp21_pv000
2163,C_bldg2_2163,en,12.0,C,3000.0,584.6077437181889,0.0,0.0,0.0,0.0,0.0,0.0,0.0,0.0,21.020477998911687,0.0,0.0,0.0,0.0,0.0,5349.0814500955,-103689.36655103324,0.0,8933.689193813689,-8933.689193813689,0.0,22968.813686111112,0.0,2297.82431154225,5349.0814500955,100.0,100.0,0.0,0.0,0.0,8933.689193813689,0.0,22968.813686111098,zero,C,en,,TIDNULL,TIDNULL,EA225_p_TOU12,EA225_p,capex_low,20,0.06,,0.0,0.0,-8640.780545919437,-9857.159374723638,1216.3788288042015,722.5794001742662,722.5794001742662,3.0,-1.689702197604781e-12,-1.3095192031437052e-12,-1.0414606222601888e-13,-8.678838518834906e-15,-1.7357677037669811e-13,60.818941440210075,729.8272972825209,a12_cp21,a12_cp21_pv000
2164,C_bldg2_2164,en,12.0,C,3000.0,5753.441735157854,0.0,0.0,0.0,0.0,0.0,0.0,0.0,0.0,21.020477998911687,0.0,0.0,0.0,0.0,0.0,5349.0814500955,-59917.1417647194,0.0,14102.523185253352,-14102.523185253352,0.0,22968.813686111112,0.0,2297.82431154225,5349.0814500955,100.0,100.0,0.0,0.0,0.0,14102.523185253352,0.0,22968.813686111098,zero,C,en,,TIDNULL,TIDNULL,EA225_p_TOU12,EA225_p,capex_med,5,0.06,,0.0,0.0,-4993.09514705995,-3608.3001954402066,-1384.7949516197436,722.5794001742662,722.5794001742662,0.0,-1.689702197604781e-12,-1.3095192031437052e-12,-1.0414606222601888e-13,-8.678838518834906e-15,-4.339419259417453e-14,-276.95899032394874,-3323.507883887385,a12_cp21,a12_cp21_pv000
2165,C_bldg2_2165,en,12.0,C,3000.0,3303.970137783539,0.0,0.0,0.0,0.0,0.0,0.0,0.0,0.0,21.020477998911687,0.0,0.0,0.0,0.0,0.0,5349.0814500955,-86935.47497696981,0.0,11653.051587879041,-11653.051587879041,0.0,22968.813686111112,0.0,2297.82431154225,5349.0814500955,100.0,100.0,0.0,0.0,0.0,11653.051587879041,0.0,22968.813686111098,zero,C,en,,TIDNULL,TIDNULL,EA225_p_TOU12,EA225_p,capex_med,10,0.06,,0.0,0.0,-7244.622914747484,-6335.862715504815,-908.7601992426689,722.5794001742662,722.5794001742662,1.0,-1.689702197604781e-12,-1.3095192031437052e-12,-1.0414606222601888e-13,-8.678838518834906e-15,-8.678838518834906e-14,-90.8760199242669,-1090.512239091203,a12_cp21,a12_cp21_pv000
2166,C_bldg2_2166,en,12.0,C,3000.0,2132.0988300310423,0.0,0.0,0.0,0.0,0.0,0.0,0.0,0.0,21.020477998911687,0.0,0.0,0.0,0.0,0.0,5349.0814500955,-121650.40896050766,0.0,10481.180280126542,-10481.180280126542,0.0,22968.813686111112,0.0,2297.82431154225,5349.0814500955,100.0,100.0,0.0,0.0,0.0,10481.180280126542,0.0,22968.813686111098,zero,C,en,,TIDNULL,TIDNULL,EA225_p_TOU12,EA225_p,capex_med,20,0.06,,0.0,0.0,-10137.534080042306,-9857.159374723638,-280.3747053186671,722.5794001742662,722.5794001742662,3.0,-1.689702197604781e-12,-1.3095192031437052e-12,-1.0414606222601888e-13,-8.678838518834906e-15,-1.7357677037669811e-13,-14.018735265933355,-168.22482319120024,a12_cp21,a12_cp21_pv000
155,C_bldg2_155,en_pv,12.0,C,3000.0,1577.556604801347,2947.478921176634,0.0,0.0,0.0,0.0,0.0,0.0,0.0,21.020477998911687,0.0,0.0,0.0,0.0,0.0,3393.3372594125267,-46388.69806690874,0.0,10918.372785390507,-10918.372785390507,6961.028462342943,17019.921431838866,56.206301696902955,1683.3498034342947,3393.3372594125267,46.08000610426667,46.0800061042663,25.89986725291542,25.89986725291539,0.0,10918.372785390507,0.0,22968.813686111098,C_max_pv.csv,C,en_pv,C_max_pv,TIDNULL,TIDNULL,EA225_p_TOU9,EA225_p,capex_low,5,0.06,C_max_pv,10.5,0.875,-3865.724838909062,-3608.3001954402066,-257.42464346885527,722.5794001742662,722.5794001742662,0.0,12909.920716615188,10005.18855537677,795.7126458091145,66.30938715075955,331.54693575379775,-51.48492869377105,-617.8191443252526,a12_cp21,a12_cp21_pv010
156,C_bldg2_156,en_pv,12.0,C,3000.0,905.9272958438736,1692.618572602414,0.0,0.0,0.0,0.0,0.0,0.0,0.0,21.020477998911687,0.0,0.0,0.0,0.0,0.0,3393.3372594125267,-67082.3109949079,0.0,8991.883127858815,-8991.883127858815,6961.028462342943,17019.921431838866,56.206301696902955,1683.3498034342947,3393.3372594125267,46.08000610426667,46.0800061042663,25.89986725291542,25.89986725291539,0.0,8991.883127858815,0.0,22968.813686111098,C_max_pv.csv,C,en_pv,C_max_pv,TIDNULL,TIDNULL,EA225_p_TOU9,EA225_p,capex_low,10,0.06,C_max_pv,10.5,0.875,-5590.192582908991,-6335.862715504815,745.6701325958238,722.5794001742662,722.5794001742662,1.0,12909.920716615188,10005.18855537677,795.7126458091145,66.30938715075955,663.0938715075955,74.56701325958238,894.8041591149886,a12_cp21,a12_cp21_pv010
158,C_bldg2_158,en_pv,12.0,C,3000.0,584.6077437181889,1679.0278286494454,0.0,0.0,0.0,0.0,0.0,0.0,0.0,21.020477998911687,0.0,0.0,0.0,0.0,0.0,3393.3372594125267,-100477.64251731247,0.0,8656.97283178016,-8656.97283178016,6961.028462342943,17019.921431838866,56.206301696902955,1683.3498034342947,3393.3372594125267,46.08000610426667,46.0800061042663,25.89986725291542,25.89986725291539,0.0,8656.97283178016,0.0,22968.813686111098,C_max_pv.csv,C,en_pv,C_max_pv,TIDNULL,TIDNULL,EA225_p_TOU9,EA225_p,capex_low,20,0.06,C_max_pv,10.5,0.875,-8373.136876442706,-9857.159374723638,1484.0224982809323,722.5794001742662,722.5794001742662,3.0,12909.920716615188,10005.18855537677,795.7126458091145,66.30938715075955,1326.187743015191,74.20112491404662,890.4134989685595,a12_cp21,a12_cp21_pv010
160,C_bldg2_160,en_pv,12.0,C,3000.0,5753.441735157854,2947.478921176634,0.0,0.0,0.0,0.0,0.0,0.0,0.0,21.020477998911687,0.0,0.0,0.0,0.0,0.0,3393.3372594125267,-64130.707639379405,0.0,15094.257915747014,-15094.257915747014,6961.028462342943,17019.921431838866,56.206301696902955,1683.3498034342947,3393.3372594125267,46.08000610426667,46.0800061042663,25.89986725291542,25.89986725291539,0.0,15094.257915747014,0.0,22968.813686111098,C_max_pv.csv,C,en_pv,C_max_pv,TIDNULL,TIDNULL,EA225_p_TOU9,EA225_p,capex_med,5,0.06,C_max_pv,10.5,0.875,-5344.22563661495,-3608.3001954402066,-1735.9254411747438,722.5794001742662,722.5794001742662,0.0,12909.920716615188,10005.18855537677,795.7126458091145,66.30938715075955,331.54693575379775,-347.18508823494875,-4166.221058819385,a12_cp21,a12_cp21_pv010
161,C_bldg2_161,en_pv,12.0,C,3000.0,3303.970137783539,1692.618572602414,0.0,0.0,0.0,0.0,0.0,0.0,0.0,21.020477998911687,0.0,0.0,0.0,0.0,0.0,3393.3372594125267,-84972.47409141334,0.0,11389.925969798482,-11389.925969798482,6961.028462342943,17019.921431838866,56.206301696902955,1683.3498034342947,3393.3372594125267,46.08000610426667,46.0800061042663,25.89986725291542,25.89986725291539,0.0,11389.925969798482,0.0,22968.813686111098,C_max_pv.csv,C,en_pv,C_max_pv,TIDNULL,TIDNULL,EA225_p_TOU9,EA225_p,capex_med,10,0.06,C_max_pv,10.5,0.875,-7081.039507617778,-6335.862715504815,-745.1767921129631,722.5794001742662,722.5794001742662,1.0,12909.920716615188,10005.18855537677,795.7126458091145,66.30938715075955,663.0938715075955,-74.51767921129631,-894.2121505355558,a12_cp21,a12_cp21_pv010
163,C_bldg2_163,en_pv,12.0,C,3000.0,2132.0988300310423,1679.0278286494454,0.0,0.0,0.0,0.0,0.0,0.0,0.0,21.020477998911687,0.0,0.0,0.0,0.0,0.0,3393.3372594125267,-118438.68492678678,0.0,10204.463918093017,-10204.463918093017,6961.028462342943,17019.921431838866,56.206301696902955,1683.3498034342947,3393.3372594125267,46.08000610426667,46.0800061042663,25.89986725291542,25.89986725291539,0.0,10204.463918093017,0.0,22968.813686111098,C_max_pv.csv,C,en_pv,C_max_pv,TIDNULL,TIDNULL,EA225_p_TOU9,EA225_p,capex_med,20,0.06,C_max_pv,10.5,0.875,-9869.890410565566,-9857.159374723638,-12.731035841927223,722.5794001742662,722.5794001742662,3.0,12909.920716615188,10005.18855537677,795.7126458091145,66.30938715075955,1326.187743015191,-0.6365517920963611,-7.638621505156333,a12_cp21,a12_cp21_pv010
170,C_bldg2_170,en_pv,12.0,C,3000.0,1577.556604801347,2947.478921176634,0.0,0.0,0.0,0.0,0.0,0.0,0.0,21.020477998911687,0.0,0.0,0.0,0.0,0.0,3895.9687690818687,-48524.21970545952,0.0,11421.00429505985,-11421.00429505985,6961.028462342943,17019.921431838866,56.206301696902955,1683.3498034342947,3895.9687690818687,46.08000610426667,46.0800061042663,25.89986725291542,25.89986725291539,0.0,11421.00429505985,0.0,22968.813686111098,C_max_pv.csv,C,en_pv,C_max_pv,TIDNULL,TIDNULL,EA225_p_TOU12,EA225_p,capex_low,5,0.06,C_max_pv,10.5,0.875,-4043.6849754549603,-3608.3001954402066,-435.3847800147537,722.5794001742662,722.5794001742662,0.0,12909.920716615188,10005.18855537677,795.7126458091145,66.30938715075955,331.54693575379775,-87.07695600295074,-1044.9234720354088,a12_cp21,a12_cp21_pv010
171,C_bldg2_171,en_pv,12.0,C,3000.0,905.9272958438736,1692.618572602414,0.0,0.0,0.0,0.0,0.0,0.0,0.0,21.020477998911687,0.0,0.0,0.0,0.0,0.0,3895.9687690818687,-70832.10208627718,0.0,9494.514637528155,-9494.514637528155,6961.028462342943,17019.921431838866,56.206301696902955,1683.3498034342947,3895.9687690818687,46.08000610426667,46.0800061042663,25.89986725291542,25.89986725291539,0.0,9494.514637528155,0.0,22968.813686111098,C_max_pv.csv,C,en_pv,C_max_pv,TIDNULL,TIDNULL,EA225_p_TOU12,EA225_p,capex_low,10,0.06,C_max_pv,10.5,0.875,-5902.675173856432,-6335.862715504815,433.18754164838356,722.5794001742662,722.5794001742662,1.0,12909.920716615188,10005.18855537677,795.7126458091145,66.30938715075955,663.0938715075955,43.31875416483835,519.8250499780602,a12_cp21,a12_cp21_pv010
173,C_bldg2_173,en_pv,12.0,C,3000.0,584.6077437181889,1679.0278286494454,0.0,0.0,0.0,0.0,0.0,0.0,0.0,21.020477998911687,0.0,0.0,0.0,0.0,0.0,3895.9687690818687,-106311.46342998688,0.0,9159.604341449502,-9159.604341449502,6961.028462342943,17019.921431838866,56.206301696902955,1683.3498034342947,3895.9687690818687,46.08000610426667,46.0800061042663,25.89986725291542,25.89986725291539,0.0,9159.604341449502,0.0,22968.813686111098,C_max_pv.csv,C,en_pv,C_max_pv,TIDNULL,TIDNULL,EA225_p_TOU12,EA225_p,capex_low,20,0.06,C_max_pv,10.5,0.875,-8859.288619165573,-9857.159374723638,997.8707555580659,722.5794001742662,722.5794001742662,3.0,12909.920716615188,10005.18855537677,795.7126458091145,66.30938715075955,1326.187743015191,49.89353777790329,598.7224533348394,a12_cp21,a12_cp21_pv010
175,C_bldg2_175,en_pv,12.0,C,3000.0,5753.441735157854,2947.478921176634,0.0,0.0,0.0,0.0,0.0,0.0,0.0,21.020477998911687,0.0,0.0,0.0,0.0,0.0,3895.9687690818687,-66266.22927793018,0.0,15596.889425416355,-15596.889425416355,6961.028462342943,17019.921431838866,56.206301696902955,1683.3498034342947,3895.9687690818687,46.08000610426667,46.0800061042663,25.89986725291542,25.89986725291539,0.0,15596.889425416355,0.0,22968.813686111098,C_max_pv.csv,C,en_pv,C_max_pv,TIDNULL,TIDNULL,EA225_p_TOU12,EA225_p,capex_med,5,0.06,C_max_pv,10.5,0.875,-5522.185773160848,-3608.3001954402066,-1913.8855777206413,722.5794001742662,722.5794001742662,0.0,12909.920716615188,10005.18855537677,795.7126458091145,66.30938715075955,331.54693575379775,-382.77711554412826,-4593.325386529539,a12_cp21,a12_cp21_pv010
176,C_bldg2_176,en_pv,12.0,C,3000.0,3303.970137783539,1692.618572602414,0.0,0.0,0.0,0.0,0.0,0.0,0.0,21.020477998911687,0.0,0.0,0.0,0.0,0.0,3895.9687690818687,-88722.26518278262,0.0,11892.557479467825,-11892.557479467825,6961.028462342943,17019.921431838866,56.206301696902955,1683.3498034342947,3895.9687690818687,46.08000610426667,46.0800061042663,25.89986725291542,25.89986725291539,0.0,11892.557479467825,0.0,22968.813686111098,C_max_pv.csv,C,en_pv,C_max_pv,TIDNULL,TIDNULL,EA225_p_TOU12,EA225_p,capex_med,10,0.06,C_max_pv,10.5,0.875,-7393.522098565219,-6335.862715504815,-1057.6593830604033,722.5794001742662,722.5794001742662,1.0,12909.920716615188,10005.18855537677,795.7126458091145,66.30938715075955,663.0938715075955,-105.76593830604034,-1269.1912596724842,a12_cp21,a12_cp21_pv010
178,C_bldg2_178,en_pv,12.0,C,3000.0,2132.0988300310423,1679.0278286494454,0.0,0.0,0.0,0.0,0.0,0.0,0.0,21.020477998911687,0.0,0.0,0.0,0.0,0.0,3895.9687690818687,-124272.50583946127,0.0,10707.095427762357,-10707.095427762357,6961.028462342943,17019.921431838866,56.206301696902955,1683.3498034342947,3895.9687690818687,46.08000610426667,46.0800061042663,25.89986725291542,25.89986725291539,0.0,10707.095427762357,0.0,22968.813686111098,C_max_pv.csv,C,en_pv,C_max_pv,TIDNULL,TIDNULL,EA225_p_TOU12,EA225_p,capex_med,20,0.06,C_max_pv,10.5,0.875,-10356.04215328844,-9857.159374723638,-498.8827785648009,722.5794001742662,722.5794001742662,3.0,12909.920716615188,10005.18855537677,795.7126458091145,66.30938715075955,1326.187743015191,-24.944138928240044,-299.3296671388805,a12_cp21,a12_cp21_pv010
335,C_bldg2_335,en,12.0,C,3000.0,1577.556604801347,0.0,0.0,0.0,0.0,0.0,0.0,0.0,0.0,21.020477998911687,0.0,0.0,0.0,0.0,0.0,4657.073264028694,-39235.00920558577,0.0,9234.62986883004,-9234.62986883004,0.0,22968.813686111112,0.0,2295.00870154225,4657.073264028694,100.0,100.0,0.0,0.0,0.0,9234.62986883004,0.0,22968.813686111098,zero,C,en,,TIDNULL,TIDNULL,EA225_TOU9,EA225,capex_low,5,0.06,,0.0,0.0,-3269.584100465481,-3608.3001954402066,338.7160949747258,722.5794001742662,722.5794001742662,0.0,-1.689702197604781e-12,-1.3095192031437052e-12,-1.0414606222601888e-13,-8.678838518834906e-15,-4.339419259417453e-14,67.74321899494517,812.9186279393421,a12_cp21,a12_cp21_pv000
336,C_bldg2_336,en,12.0,C,3000.0,905.9272958438736,0.0,0.0,0.0,0.0,0.0,0.0,0.0,0.0,21.020477998911687,0.0,0.0,0.0,0.0,0.0,4657.073264028694,-63882.710488890305,0.0,8563.000559872567,-8563.000559872567,0.0,22968.813686111112,0.0,2295.00870154225,4657.073264028694,100.0,100.0,0.0,0.0,0.0,8563.000559872567,0.0,22968.813686111098,zero,C,en,,TIDNULL,TIDNULL,EA225_TOU9,EA225,capex_low,10,0.06,,0.0,0.0,-5323.559207407526,-6335.862715504815,1012.3035080972895,722.5794001742662,722.5794001742662,1.0,-1.689702197604781e-12,-1.3095192031437052e-12,-1.0414606222601888e-13,-8.678838518834906e-15,-8.678838518834906e-14,101.23035080972895,1214.7642097167472,a12_cp21,a12_cp21_pv000
338,C_bldg2_338,en,12.0,C,3000.0,584.6077437181889,0.0,0.0,0.0,0.0,0.0,0.0,0.0,0.0,21.020477998911687,0.0,0.0,0.0,0.0,0.0,4657.073264028694,-95657.53458277047,0.0,8241.681007746884,-8241.681007746884,0.0,22968.813686111112,0.0,2295.00870154225,4657.073264028694,100.0,100.0,0.0,0.0,0.0,8241.681007746884,0.0,22968.813686111098,zero,C,en,,TIDNULL,TIDNULL,EA225_TOU9,EA225,capex_low,20,0.06,,0.0,0.0,-7971.461215230873,-9857.159374723638,1885.6981594927656,722.5794001742662,722.5794001742662,3.0,-1.689702197604781e-12,-1.3095192031437052e-12,-1.0414606222601888e-13,-8.678838518834906e-15,-1.7357677037669811e-13,94.28490797463829,1131.4188956956596,a12_cp21,a12_cp21_pv000
340,C_bldg2_340,en,12.0,C,3000.0,5753.441735157854,0.0,0.0,0.0,0.0,0.0,0.0,0.0,0.0,21.020477998911687,0.0,0.0,0.0,0.0,0.0,4657.073264028694,-56977.01877805642,0.0,13410.514999186547,-13410.514999186547,0.0,22968.813686111112,0.0,2295.00870154225,4657.073264028694,100.0,100.0,0.0,0.0,0.0,13410.514999186547,0.0,22968.813686111098,zero,C,en,,TIDNULL,TIDNULL,EA225_TOU9,EA225,capex_med,5,0.06,,0.0,0.0,-4748.084898171369,-3608.3001954402066,-1139.7847027311623,722.5794001742662,722.5794001742662,0.0,-1.689702197604781e-12,-1.3095192031437052e-12,-1.0414606222601888e-13,-8.678838518834906e-15,-4.339419259417453e-14,-227.95694054623246,-2735.4832865547896,a12_cp21,a12_cp21_pv000
341,C_bldg2_341,en,12.0,C,3000.0,3303.970137783539,0.0,0.0,0.0,0.0,0.0,0.0,0.0,0.0,21.020477998911687,0.0,0.0,0.0,0.0,0.0,4657.073264028694,-81772.87358539572,0.0,10961.043401812234,-10961.043401812234,0.0,22968.813686111112,0.0,2295.00870154225,4657.073264028694,100.0,100.0,0.0,0.0,0.0,10961.043401812234,0.0,22968.813686111098,zero,C,en,,TIDNULL,TIDNULL,EA225_TOU9,EA225,capex_med,10,0.06,,0.0,0.0,-6814.40613211631,-6335.862715504815,-478.54341661149465,722.5794001742662,722.5794001742662,1.0,-1.689702197604781e-12,-1.3095192031437052e-12,-1.0414606222601888e-13,-8.678838518834906e-15,-8.678838518834906e-14,-47.85434166114946,-574.2520999337935,a12_cp21,a12_cp21_pv000
343,C_bldg2_343,en,12.0,C,3000.0,2132.0988300310423,0.0,0.0,0.0,0.0,0.0,0.0,0.0,0.0,21.020477998911687,0.0,0.0,0.0,0.0,0.0,4657.073264028694,-113618.57699224475,0.0,9789.172094059737,-9789.172094059737,0.0,22968.813686111112,0.0,2295.00870154225,4657.073264028694,100.0,100.0,0.0,0.0,0.0,9789.172094059737,0.0,22968.813686111098,zero,C,en,,TIDNULL,TIDNULL,EA225_TOU9,EA225,capex_med,20,0.06,,0.0,0.0,-9468.214749353729,-9857.159374723638,388.9446253699098,722.5794001742662,722.5794001742662,3.0,-1.689702197604781e-12,-1.3095192031437052e-12,-1.0414606222601888e-13,-8.678838518834906e-15,-1.7357677037669811e-13,19.44723126849549,233.3667752219459,a12_cp21,a12_cp21_pv000
350,C_bldg2_350,en,12.0,C,3000.0,1577.556604801347,0.0,0.0,0.0,0.0,0.0,0.0,0.0,0.0,21.020477998911687,0.0,0.0,0.0,0.0,0.0,5346.2658400955015,-42163.16955965398,0.0,9923.822444896849,-9923.822444896849,0.0,22968.813686111112,0.0,2295.00870154225,5346.2658400955015,100.0,100.0,0.0,0.0,0.0,9923.822444896849,0.0,22968.813686111098,zero,C,en,,TIDNULL,TIDNULL,EA225_TOU12,EA225,capex_low,5,0.06,,0.0,0.0,-3513.5974633044984,-3608.3001954402066,94.70273213570817,722.5794001742662,722.5794001742662,0.0,-1.689702197604781e-12,-1.3095192031437052e-12,-1.0414606222601888e-13,-8.678838518834906e-15,-4.339419259417453e-14,18.940546427141634,227.2865571256996,a12_cp21,a12_cp21_pv000
351,C_bldg2_351,en,12.0,C,3000.0,905.9272958438736,0.0,0.0,0.0,0.0,0.0,0.0,0.0,0.0,21.020477998911687,0.0,0.0,0.0,0.0,0.0,5346.2658400955015,-69024.30653342254,0.0,9252.193135939377,-9252.193135939377,0.0,22968.813686111112,0.0,2295.00870154225,5346.2658400955015,100.0,100.0,0.0,0.0,0.0,9252.193135939377,0.0,22968.813686111098,zero,C,en,,TIDNULL,TIDNULL,EA225_TOU12,EA225,capex_low,10,0.06,,0.0,0.0,-5752.025544451878,-6335.862715504815,583.8371710529373,722.5794001742662,722.5794001742662,1.0,-1.689702197604781e-12,-1.3095192031437052e-12,-1.0414606222601888e-13,-8.678838518834906e-15,-8.678838518834906e-14,58.38371710529373,700.6046052635247,a12_cp21,a12_cp21_pv000
353,C_bldg2_353,en,12.0,C,3000.0,584.6077437181889,0.0,0.0,0.0,0.0,0.0,0.0,0.0,0.0,21.020477998911687,0.0,0.0,0.0,0.0,0.0,5346.2658400955015,-103656.68701506313,0.0,8930.873583813689,-8930.873583813689,0.0,22968.813686111112,0.0,2295.00870154225,5346.2658400955015,100.0,100.0,0.0,0.0,0.0,8930.873583813689,0.0,22968.813686111098,zero,C,en,,TIDNULL,TIDNULL,EA225_TOU12,EA225,capex_low,20,0.06,,0.0,0.0,-8638.05725125526,-9857.159374723638,1219.1021234683776,722.5794001742662,722.5794001742662,3.0,-1.689702197604781e-12,-1.3095192031437052e-12,-1.0414606222601888e-13,-8.678838518834906e-15,-1.7357677037669811e-13,60.95510617341888,731.4612740810267,a12_cp21,a12_cp21_pv000
355,C_bldg2_355,en,12.0,C,3000.0,5753.441735157854,0.0,0.0,0.0,0.0,0.0,0.0,0.0,0.0,21.020477998911687,0.0,0.0,0.0,0.0,0.0,5346.2658400955015,-59905.17913212468,0.0,14099.707575253356,-14099.707575253356,0.0,22968.813686111112,0.0,2295.00870154225,5346.2658400955015,100.0,100.0,0.0,0.0,0.0,14099.707575253356,0.0,22968.813686111098,zero,C,en,,TIDNULL,TIDNULL,EA225_TOU12,EA225,capex_med,5,0.06,,0.0,0.0,-4992.09826101039,-3608.3001954402066,-1383.7980655701836,722.5794001742662,722.5794001742662,0.0,-1.689702197604781e-12,-1.3095192031437052e-12,-1.0414606222601888e-13,-8.678838518834906e-15,-4.339419259417453e-14,-276.7596131140367,-3321.1153573684405,a12_cp21,a12_cp21_pv000
356,C_bldg2_356,en,12.0,C,3000.0,3303.970137783539,0.0,0.0,0.0,0.0,0.0,0.0,0.0,0.0,21.020477998911687,0.0,0.0,0.0,0.0,0.0,5346.2658400955015,-86914.46962992796,0.0,11650.23597787904,-11650.23597787904,0.0,22968.813686111112,0.0,2295.00870154225,5346.2658400955015,100.0,100.0,0.0,0.0,0.0,11650.23597787904,0.0,22968.813686111098,zero,C,en,,TIDNULL,TIDNULL,EA225_TOU12,EA225,capex_med,10,0.06,,0.0,0.0,-7242.872469160663,-6335.862715504815,-907.0097536558478,722.5794001742662,722.5794001742662,1.0,-1.689702197604781e-12,-1.3095192031437052e-12,-1.0414606222601888e-13,-8.678838518834906e-15,-8.678838518834906e-14,-90.70097536558478,-1088.4117043870174,a12_cp21,a12_cp21_pv000
358,C_bldg2_358,en,12.0,C,3000.0,2132.0988300310423,0.0,0.0,0.0,0.0,0.0,0.0,0.0,0.0,21.020477998911687,0.0,0.0,0.0,0.0,0.0,5346.2658400955015,-121617.72942453752,0.0,10478.364670126542,-10478.364670126542,0.0,22968.813686111112,0.0,2295.00870154225,5346.2658400955015,100.0,100.0,0.0,0.0,0.0,10478.364670126542,0.0,22968.813686111098,zero,C,en,,TIDNULL,TIDNULL,EA225_TOU12,EA225,capex_med,20,0.06,,0.0,0.0,-10134.810785378128,-9857.159374723638,-277.65141065448915,722.5794001742662,722.5794001742662,3.0,-1.689702197604781e-12,-1.3095192031437052e-12,-1.0414606222601888e-13,-8.678838518834906e-15,-1.7357677037669811e-13,-13.882570532724458,-166.5908463926935,a12_cp21,a12_cp21_pv000
