scenario,scenario_label,arrangement,number_of_households,load_folder,en_opex,en_capex_repayment,pv_capex_repayment,average_hh_bill$,average_hh_solar_bill$,average_hh_total$,central_battery_SOH_mean,central_battery_capacity_kWh_mean,central_battery_cycles_mean,checksum_total_payments$_mean,cp_ratio_mean,cust_bill_cp_mean,cust_solar_bill_cp_mean,cust_total$_cp_mean,eno$_bat_capex_repay_mean,eno$_demand_charge_mean,eno$_energy_bill_mean,eno$_npv_building_mean,eno$_receipts_from_residents_mean,eno$_total_payment_mean,eno_net$_mean,export_kWh_mean,import_kWh_mean,pv_ratio_mean,retailer_bill$_mean,retailer_receipt$_mean,self-consumption_mean,self-consumption_OLD_mean,self-sufficiency_mean,self-sufficiency_OLD_mean,solar_retailer_profit_mean,total$_building_costs_mean,total_battery_losses_mean,total_building_load_mean
0,C_bldg2_000,bau,12.0,C,0.0,0.0,0.0,722.5794001742662,0.0,722.5794001742662,0.0,0.0,0.0,0.0,21.020477998911687,1520.3485183958867,0.0,1520.3485183958867,0.0,0.0,0.0,-43299.602345282474,0.0,0.0,0.0,0.010515555555555554,22968.824201666666,0.0,2295.00870154225,10191.301320487082,100.0,100.0,0.0,0.0,0.0,10191.301320487082,0.0,22968.8136861111
1,C_bldg2_001,bau,12.0,C,0.0,0.0,0.0,722.5794001742662,0.0,722.5794001742662,0.0,0.0,0.0,0.0,21.020477998911687,1520.3485183958867,0.0,1520.3485183958867,0.0,0.0,0.0,-76030.35258605778,0.0,0.0,0.0,0.010515555555555554,22968.824201666666,0.0,2295.00870154225,10191.301320487082,100.0,100.0,0.0,0.0,0.0,10191.301320487082,0.0,22968.8136861111
3,C_bldg2_003,bau,12.0,C,0.0,0.0,0.0,722.5794001742662,0.0,722.5794001742662,0.0,0.0,0.0,0.0,21.020477998911687,1520.3485183958867,0.0,1520.3485183958867,0.0,0.0,0.0,-118285.91249668367,0.0,0.0,0.0,0.010515555555555554,22968.824201666666,0.0,2295.00870154225,10191.301320487082,100.0,100.0,0.0,0.0,0.0,10191.301320487082,0.0,22968.8136861111
10,C_bldg2_010,cp_only,12.0,C,0.0,0.0,2947.478921176634,722.5793300705626,0.0,722.5793300705626,0.0,0.0,0.0,2.3283064365386963e-12,21.020477998911687,70.1767111309449,0.0,3017.655632307579,0.0,0.0,0.0,-49661.181122789385,0.0,0.0,0.0,11116.414606107119,21175.307575603038,56.20630169690295,1680.5341934342948,8741.128671977694,13.892464174468703,13.892464174468316,7.8084403270360365,7.80844032703601,0.0,11688.607593154327,0.0,22968.8136861111
11,C_bldg2_011,cp_only,12.0,C,0.0,0.0,1692.6185726024141,722.5793300705626,0.0,722.5793300705626,0.0,0.0,0.0,0.0,21.020477998911687,70.1767111309449,0.0,1762.795283733359,0.0,0.0,0.0,-77839.07637040812,0.0,0.0,0.0,11116.414606107119,21175.307575603038,56.20630169690295,1680.5341934342948,8741.128671977694,13.892464174468703,13.892464174468316,7.8084403270360365,7.80844032703601,0.0,10433.747244580109,0.0,22968.8136861111
13,C_bldg2_013,cp_only,12.0,C,0.0,0.0,1679.0278286494456,722.5793300705626,0.0,722.5793300705626,0.0,0.0,0.0,0.0,21.020477998911687,70.1767111309449,0.0,1749.2045397803906,0.0,0.0,0.0,-120942.1330284072,0.0,0.0,0.0,11116.414606107119,21175.307575603038,56.20630169690295,1680.5341934342948,8741.128671977694,13.892464174468703,13.892464174468316,7.8084403270360365,7.80844032703601,0.0,10420.15650062714,0.0,22968.8136861111
910,C_bldg2_910,btm_i_c,12.0,C,0.0,0.0,2947.478921176634,583.2455769523327,0.0,777.237640538011,0.0,0.0,0.0,0.0,21.020477998911687,961.4585871575243,0.0,1581.0327453060183,0.0,0.0,0.0,-46344.13638365715,0.0,0.0,0.0,7823.653640375091,17882.54660987101,56.20630169690316,1680.5341934342948,7960.405510585515,39.39812790402365,39.39812790402364,22.14423063266732,22.144230632667288,0.0,10907.88443176215,0.0,22968.8136861111
911,C_bldg2_911,btm_i_c,12.0,C,0.0,0.0,1692.6185726024141,583.2455769523327,0.0,694.6474151142519,0.0,0.0,0.0,-2.3283064365386963e-12,21.020477998911687,961.4585871575243,0.0,1317.2551018169079,0.0,0.0,0.0,-72014.633017583,0.0,0.0,0.0,7823.653640375091,17882.54660987101,56.20630169690316,1680.5341934342948,7960.405510585515,39.39812790402365,39.39812790402364,22.14423063266732,22.144230632667288,0.0,9653.024083187931,0.0,22968.8136861111
913,C_bldg2_913,btm_i_c,12.0,C,0.0,0.0,1679.0278286494456,583.2455769523327,0.0,693.7529230633813,0.0,0.0,0.0,1.1641532182693482e-12,21.020477998911687,961.4585871575243,0.0,1314.3982624743855,0.0,0.0,0.0,-111880.62570481107,0.0,0.0,0.0,7823.653640375091,17882.54660987101,56.20630169690316,1680.5341934342948,7960.405510585515,39.39812790402365,39.39812790402364,22.14423063266732,22.144230632667288,0.0,9639.43333923496,0.0,22968.8136861111
95,C_bldg2_095,btm_p_c,12.0,C,778.44,2626.1677597575363,2947.478921176634,606.0137150521766,73.33174964935547,679.345464701532,0.0,0.0,0.0,3.4924596548080443e-12,21.020477998911687,1051.9978560594325,297.89781468806063,1349.8956707474929,0.0,0.0,0.0,-40371.15521681881,0.0,0.0,0.0,6961.037835401422,17019.93080489734,56.206301696903225,1680.5341934342948,8324.162436685552,46.07993350073401,46.07993350073411,25.89982644515494,25.8998264451549,-5174.207870453843,9502.041247165876,0.0,22968.8136861111
96,C_bldg2_096,btm_p_c,12.0,C,778.44,1508.1024983753896,1692.6185726024141,606.0137150521766,73.33174964935547,679.345464701532,0.0,0.0,0.0,2.3283064365386963e-12,21.020477998911687,1051.9978560594325,297.89781468806063,1349.8956707474929,0.0,0.0,0.0,-70888.25299051778,0.0,0.0,0.0,6961.037835401422,17019.93080489734,56.206301696903225,1680.5341934342948,8324.162436685552,46.07993350073401,46.07993350073411,25.89982644515494,25.8998264451549,-2801.2822604974776,9502.041247165876,0.0,22968.8136861111
98,C_bldg2_098,btm_p_c,12.0,C,778.44,973.19994983675,1679.0278286494456,606.0137150521766,73.33174964935547,679.345464701532,0.0,0.0,0.0,2.3283064365386963e-12,21.020477998911687,1051.9978560594325,297.89781468806063,1349.8956707474929,0.0,0.0,0.0,-110285.97665370796,0.0,0.0,0.0,6961.037835401422,17019.93080489734,56.206301696903225,1680.5341934342948,8324.162436685552,46.07993350073401,46.07993350073411,25.89982644515494,25.8998264451549,-2252.7889680058693,9502.041247165876,0.0,22968.8136861111
100,C_bldg2_100,btm_p_c,12.0,C,778.44,2626.1677597575363,2947.478921176634,573.1649610400403,106.1805036614917,679.345464701532,0.0,0.0,0.0,1.1641532182693482e-12,21.020477998911687,889.2998773729533,460.59579337453965,1349.8956707474929,0.0,0.0,0.0,-40371.15521681881,0.0,0.0,0.0,6961.037835401422,17019.93080489734,56.206301696903225,1680.5341934342948,7767.279409853439,46.07993350073401,46.07993350073411,25.89982644515494,25.8998264451549,-4617.324843621729,9502.041247165876,0.0,22968.8136861111
101,C_bldg2_101,btm_p_c,12.0,C,778.44,1508.1024983753896,1692.6185726024141,573.1649610400403,106.1805036614917,679.345464701532,0.0,0.0,0.0,1.1641532182693482e-12,21.020477998911687,889.2998773729533,460.59579337453965,1349.8956707474929,0.0,0.0,0.0,-70888.2529905178,0.0,0.0,0.0,6961.037835401422,17019.93080489734,56.206301696903225,1680.5341934342948,7767.279409853439,46.07993350073401,46.07993350073411,25.89982644515494,25.8998264451549,-2244.3992336653637,9502.041247165876,0.0,22968.8136861111
103,C_bldg2_103,btm_p_c,12.0,C,778.44,973.19994983675,1679.0278286494456,573.1649610400403,106.1805036614917,679.345464701532,0.0,0.0,0.0,1.1641532182693482e-12,21.020477998911687,889.2998773729533,460.59579337453965,1349.8956707474929,0.0,0.0,0.0,-110285.97665370797,0.0,0.0,0.0,6961.037835401422,17019.93080489734,56.206301696903225,1680.5341934342948,7767.279409853439,46.07993350073401,46.07993350073411,25.89982644515494,25.8998264451549,-1695.9059411737555,9502.041247165876,0.0,22968.8136861111
105,C_bldg2_105,btm_p_c,12.0,C,778.44,2626.1677597575363,2947.478921176634,556.7405840339724,122.60488066755981,679.345464701532,0.0,0.0,0.0,-1.1641532182693482e-12,21.020477998911687,807.9508880297138,541.9447827177792,1349.8956707474929,0.0,0.0,0.0,-40371.15521681882,0.0,0.0,0.0,6961.037835401422,17019.93080489734,56.206301696903225,1680.5341934342948,7488.837896437381,46.07993350073401,46.07993350073411,25.89982644515494,25.8998264451549,-4338.883330205673,9502.041247165878,0.0,22968.8136861111
106,C_bldg2_106,btm_p_c,12.0,C,778.44,1508.1024983753896,1692.6185726024141,556.7405840339724,122.60488066755981,679.345464701532,0.0,0.0,0.0,0.0,21.020477998911687,807.9508880297138,541.9447827177792,1349.8956707474929,0.0,0.0,0.0,-70888.25299051781,0.0,0.0,0.0,6961.037835401422,17019.93080489734,56.206301696903225,1680.5341934342948,7488.837896437381,46.07993350073401,46.07993350073411,25.89982644515494,25.8998264451549,-1965.9577202493072,9502.041247165878,0.0,22968.8136861111
108,C_bldg2_108,btm_p_c,12.0,C,778.44,973.19994983675,1679.0278286494456,556.7405840339724,122.60488066755981,679.345464701532,0.0,0.0,0.0,0.0,21.020477998911687,807.9508880297138,541.9447827177792,1349.8956707474929,0.0,0.0,0.0,-110285.976653708,0.0,0.0,0.0,6961.037835401422,17019.93080489734,56.206301696903225,1680.5341934342948,7488.837896437381,46.07993350073401,46.07993350073411,25.89982644515494,25.8998264451549,-1417.4644277576988,9502.041247165878,0.0,22968.8136861111
110,C_bldg2_110,btm_p_c,12.0,C,778.44,2626.1677597575363,2947.478921176634,606.0137150521766,81.47972183261719,687.4934368847936,0.0,0.0,0.0,3.4924596548080443e-12,21.020477998911687,1051.9978560594325,330.9975718756229,1382.9954279350554,0.0,0.0,0.0,-40927.20332208118,0.0,0.0,0.0,6961.037835401422,17019.93080489734,56.206301696903225,1680.5341934342948,8324.162436685552,46.07993350073401,46.07993350073411,25.89982644515494,25.8998264451549,-5043.3324470671405,9632.916670552579,0.0,22968.8136861111
111,C_bldg2_111,btm_p_c,12.0,C,778.44,1508.1024983753896,1692.6185726024141,606.0137150521766,81.47972183261719,687.4934368847936,0.0,0.0,0.0,4.656612873077393e-12,21.020477998911687,1051.9978560594325,330.9975718756229,1382.9954279350554,0.0,0.0,0.0,-71864.62531746854,0.0,0.0,0.0,6961.037835401422,17019.93080489734,56.206301696903225,1680.5341934342948,8324.162436685552,46.07993350073401,46.07993350073411,25.89982644515494,25.8998264451549,-2670.406837110774,9632.916670552579,0.0,22968.8136861111
113,C_bldg2_113,btm_p_c,12.0,C,778.44,973.19994983675,1679.0278286494456,606.0137150521766,81.47972183261719,687.4934368847936,0.0,0.0,0.0,4.656612873077393e-12,21.020477998911687,1051.9978560594325,330.9975718756229,1382.9954279350554,0.0,0.0,0.0,-111804.98962289239,0.0,0.0,0.0,6961.037835401422,17019.93080489734,56.206301696903225,1680.5341934342948,8324.162436685552,46.07993350073401,46.07993350073411,25.89982644515494,25.8998264451549,-2121.9135446191663,9632.916670552579,0.0,22968.8136861111
115,C_bldg2_115,btm_p_c,12.0,C,778.44,2626.1677597575363,2947.478921176634,573.1649610400403,114.32847584475341,687.4934368847939,0.0,0.0,0.0,1.1641532182693482e-12,21.020477998911687,889.2998773729533,493.6955505621019,1382.9954279350554,0.0,0.0,0.0,-40927.203322081186,0.0,0.0,0.0,6961.037835401422,17019.93080489734,56.206301696903225,1680.5341934342948,7767.279409853439,46.07993350073401,46.07993350073411,25.89982644515494,25.8998264451549,-4486.449420235027,9632.91667055258,0.0,22968.8136861111
116,C_bldg2_116,btm_p_c,12.0,C,778.44,1508.1024983753896,1692.6185726024141,573.1649610400403,114.32847584475341,687.4934368847939,0.0,0.0,0.0,0.0,21.020477998911687,889.2998773729533,493.6955505621019,1382.9954279350554,0.0,0.0,0.0,-71864.62531746856,0.0,0.0,0.0,6961.037835401422,17019.93080489734,56.206301696903225,1680.5341934342948,7767.279409853439,46.07993350073401,46.07993350073411,25.89982644515494,25.8998264451549,-2113.523810278661,9632.91667055258,0.0,22968.8136861111
118,C_bldg2_118,btm_p_c,12.0,C,778.44,973.19994983675,1679.0278286494456,573.1649610400403,114.32847584475341,687.4934368847939,0.0,0.0,0.0,0.0,21.020477998911687,889.2998773729533,493.6955505621019,1382.9954279350554,0.0,0.0,0.0,-111804.9896228924,0.0,0.0,0.0,6961.037835401422,17019.93080489734,56.206301696903225,1680.5341934342948,7767.279409853439,46.07993350073401,46.07993350073411,25.89982644515494,25.8998264451549,-1565.0305177870528,9632.91667055258,0.0,22968.8136861111
120,C_bldg2_120,btm_p_c,12.0,C,778.44,2626.1677597575363,2947.478921176634,556.7405840339724,130.7528528508215,687.4934368847936,0.0,0.0,0.0,2.3283064365386963e-12,21.020477998911687,807.9508880297138,575.0445399053415,1382.9954279350554,0.0,0.0,0.0,-40927.20332208118,0.0,0.0,0.0,6961.037835401422,17019.93080489734,56.206301696903225,1680.5341934342948,7488.837896437381,46.07993350073401,46.07993350073411,25.89982644515494,25.8998264451549,-4208.00790681897,9632.916670552579,0.0,22968.8136861111
121,C_bldg2_121,btm_p_c,12.0,C,778.44,1508.1024983753896,1692.6185726024141,556.7405840339724,130.7528528508215,687.4934368847936,0.0,0.0,0.0,2.3283064365386963e-12,21.020477998911687,807.9508880297138,575.0445399053415,1382.9954279350554,0.0,0.0,0.0,-71864.62531746854,0.0,0.0,0.0,6961.037835401422,17019.93080489734,56.206301696903225,1680.5341934342948,7488.837896437381,46.07993350073401,46.07993350073411,25.89982644515494,25.8998264451549,-1835.0822968626044,9632.916670552579,0.0,22968.8136861111
123,C_bldg2_123,btm_p_c,12.0,C,778.44,973.19994983675,1679.0278286494456,556.7405840339724,130.7528528508215,687.4934368847936,0.0,0.0,0.0,2.3283064365386963e-12,21.020477998911687,807.9508880297138,575.0445399053415,1382.9954279350554,0.0,0.0,0.0,-111804.98962289239,0.0,0.0,0.0,6961.037835401422,17019.93080489734,56.206301696903225,1680.5341934342948,7488.837896437381,46.07993350073401,46.07993350073411,25.89982644515494,25.8998264451549,-1286.589004370996,9632.916670552579,0.0,22968.8136861111
2155,C_bldg2_2155,en,12.0,C,3000.0,1577.556604801347,0.0,0.0,0.0,0.0,0.0,0.0,0.0,0.0,21.020477998911687,0.0,0.0,0.0,0.0,0.0,4659.888874028694,-39246.97183818049,0.0,9237.445478830043,-9237.445478830043,0.0,22968.813686111112,0.0,2297.82431154225,4659.888874028694,100.0,100.0,0.0,0.0,0.0,9237.445478830043,0.0,22968.8136861111
2156,C_bldg2_2156,en,12.0,C,3000.0,905.9272958438737,0.0,0.0,0.0,0.0,0.0,0.0,0.0,0.0,21.020477998911687,0.0,0.0,0.0,0.0,0.0,4659.888874028694,-63903.71583593217,0.0,8565.816169872567,-8565.816169872567,0.0,22968.813686111112,0.0,2297.82431154225,4659.888874028694,100.0,100.0,0.0,0.0,0.0,8565.816169872567,0.0,22968.8136861111
2157,C_bldg2_2157,en,12.0,C,3000.0,584.6077437181889,0.0,0.0,0.0,0.0,0.0,0.0,0.0,0.0,21.020477998911687,0.0,0.0,0.0,0.0,0.0,4659.888874028694,-95690.21411874052,0.0,8244.496617746883,-8244.496617746883,0.0,22968.813686111112,0.0,2297.82431154225,4659.888874028694,100.0,100.0,0.0,0.0,0.0,8244.496617746883,0.0,22968.8136861111
2158,C_bldg2_2158,en,12.0,C,3000.0,5753.441735157854,0.0,0.0,0.0,0.0,0.0,0.0,0.0,0.0,21.020477998911687,0.0,0.0,0.0,0.0,0.0,4659.888874028694,-56988.9814106512,0.0,13413.330609186547,-13413.330609186547,0.0,22968.813686111112,0.0,2297.82431154225,4659.888874028694,100.0,100.0,0.0,0.0,0.0,13413.330609186547,0.0,22968.8136861111
2159,C_bldg2_2159,en,12.0,C,3000.0,3303.970137783539,0.0,0.0,0.0,0.0,0.0,0.0,0.0,0.0,21.020477998911687,0.0,0.0,0.0,0.0,0.0,4659.888874028694,-81793.8789324376,0.0,10963.859011812234,-10963.859011812234,0.0,22968.813686111112,0.0,2297.82431154225,4659.888874028694,100.0,100.0,0.0,0.0,0.0,10963.859011812234,0.0,22968.8136861111
2160,C_bldg2_2160,en,12.0,C,3000.0,2132.0988300310423,0.0,0.0,0.0,0.0,0.0,0.0,0.0,0.0,21.020477998911687,0.0,0.0,0.0,0.0,0.0,4659.888874028694,-113651.25652821481,0.0,9791.987704059735,-9791.987704059735,0.0,22968.813686111112,0.0,2297.82431154225,4659.888874028694,100.0,100.0,0.0,0.0,0.0,9791.987704059735,0.0,22968.8136861111
2161,C_bldg2_2161,en,12.0,C,3000.0,1577.556604801347,0.0,0.0,0.0,0.0,0.0,0.0,0.0,0.0,21.020477998911687,0.0,0.0,0.0,0.0,0.0,5349.0814500955,-42175.13219224874,0.0,9926.638054896846,-9926.638054896846,0.0,22968.813686111112,0.0,2297.82431154225,5349.0814500955,100.0,100.0,0.0,0.0,0.0,9926.638054896846,0.0,22968.8136861111
2162,C_bldg2_2162,en,12.0,C,3000.0,905.9272958438737,0.0,0.0,0.0,0.0,0.0,0.0,0.0,0.0,21.020477998911687,0.0,0.0,0.0,0.0,0.0,5349.0814500955,-69045.3118804644,0.0,9255.008745939374,-9255.008745939374,0.0,22968.813686111112,0.0,2297.82431154225,5349.0814500955,100.0,100.0,0.0,0.0,0.0,9255.008745939374,0.0,22968.8136861111
2163,C_bldg2_2163,en,12.0,C,3000.0,584.6077437181889,0.0,0.0,0.0,0.0,0.0,0.0,0.0,0.0,21.020477998911687,0.0,0.0,0.0,0.0,0.0,5349.0814500955,-103689.36655103324,0.0,8933.689193813689,-8933.689193813689,0.0,22968.813686111112,0.0,2297.82431154225,5349.0814500955,100.0,100.0,0.0,0.0,0.0,8933.689193813689,0.0,22968.8136861111
2164,C_bldg2_2164,en,12.0,C,3000.0,5753.441735157854,0.0,0.0,0.0,0.0,0.0,0.0,0.0,0.0,21.020477998911687,0.0,0.0,0.0,0.0,0.0,5349.0814500955,-59917.141764719396,0.0,14102.523185253352,-14102.523185253352,0.0,22968.813686111112,0.0,2297.82431154225,5349.0814500955,100.0,100.0,0.0,0.0,0.0,14102.523185253352,0.0,22968.8136861111
2165,C_bldg2_2165,en,12.0,C,3000.0,3303.970137783539,0.0,0.0,0.0,0.0,0.0,0.0,0.0,0.0,21.020477998911687,0.0,0.0,0.0,0.0,0.0,5349.0814500955,-86935.4749769698,0.0,11653.05158787904,-11653.05158787904,0.0,22968.813686111112,0.0,2297.82431154225,5349.0814500955,100.0,100.0,0.0,0.0,0.0,11653.05158787904,0.0,22968.8136861111
2166,C_bldg2_2166,en,12.0,C,3000.0,2132.0988300310423,0.0,0.0,0.0,0.0,0.0,0.0,0.0,0.0,21.020477998911687,0.0,0.0,0.0,0.0,0.0,5349.0814500955,-121650.40896050764,0.0,10481.180280126542,-10481.180280126542,0.0,22968.813686111112,0.0,2297.82431154225,5349.0814500955,100.0,100.0,0.0,0.0,0.0,10481.180280126542,0.0,22968.8136861111
155,C_bldg2_155,en_pv,12.0,C,3000.0,1577.556604801347,2947.478921176634,0.0,0.0,0.0,0.0,0.0,0.0,0.0,21.020477998911687,0.0,0.0,0.0,0.0,0.0,3393.3372594125267,-46388.698066908735,0.0,10918.372785390507,-10918.372785390507,6961.028462342943,17019.921431838866,56.20630169690295,1683.3498034342947,3393.3372594125267,46.08000610426667,46.0800061042663,25.89986725291542,25.899867252915385,0.0,10918.372785390507,0.0,22968.8136861111
156,C_bldg2_156,en_pv,12.0,C,3000.0,905.9272958438737,1692.6185726024141,0.0,0.0,0.0,0.0,0.0,0.0,0.0,21.020477998911687,0.0,0.0,0.0,0.0,0.0,3393.3372594125267,-67082.3109949079,0.0,8991.883127858815,-8991.883127858815,6961.028462342943,17019.921431838866,56.20630169690295,1683.3498034342947,3393.3372594125267,46.08000610426667,46.0800061042663,25.89986725291542,25.899867252915385,0.0,8991.883127858815,0.0,22968.8136861111
158,C_bldg2_158,en_pv,12.0,C,3000.0,584.6077437181889,1679.0278286494456,0.0,0.0,0.0,0.0,0.0,0.0,0.0,21.020477998911687,0.0,0.0,0.0,0.0,0.0,3393.3372594125267,-100477.64251731247,0.0,8656.97283178016,-8656.97283178016,6961.028462342943,17019.921431838866,56.20630169690295,1683.3498034342947,3393.3372594125267,46.08000610426667,46.0800061042663,25.89986725291542,25.899867252915385,0.0,8656.97283178016,0.0,22968.8136861111
160,C_bldg2_160,en_pv,12.0,C,3000.0,5753.441735157854,2947.478921176634,0.0,0.0,0.0,0.0,0.0,0.0,0.0,21.020477998911687,0.0,0.0,0.0,0.0,0.0,3393.3372594125267,-64130.707639379405,0.0,15094.257915747014,-15094.257915747014,6961.028462342943,17019.921431838866,56.20630169690295,1683.3498034342947,3393.3372594125267,46.08000610426667,46.0800061042663,25.89986725291542,25.899867252915385,0.0,15094.257915747014,0.0,22968.8136861111
161,C_bldg2_161,en_pv,12.0,C,3000.0,3303.970137783539,1692.6185726024141,0.0,0.0,0.0,0.0,0.0,0.0,0.0,21.020477998911687,0.0,0.0,0.0,0.0,0.0,3393.3372594125267,-84972.47409141334,0.0,11389.925969798482,-11389.925969798482,6961.028462342943,17019.921431838866,56.20630169690295,1683.3498034342947,3393.3372594125267,46.08000610426667,46.0800061042663,25.89986725291542,25.899867252915385,0.0,11389.925969798482,0.0,22968.8136861111
163,C_bldg2_163,en_pv,12.0,C,3000.0,2132.0988300310423,1679.0278286494456,0.0,0.0,0.0,0.0,0.0,0.0,0.0,21.020477998911687,0.0,0.0,0.0,0.0,0.0,3393.3372594125267,-118438.68492678678,0.0,10204.463918093015,-10204.463918093015,6961.028462342943,17019.921431838866,56.20630169690295,1683.3498034342947,3393.3372594125267,46.08000610426667,46.0800061042663,25.89986725291542,25.899867252915385,0.0,10204.463918093015,0.0,22968.8136861111
170,C_bldg2_170,en_pv,12.0,C,3000.0,1577.556604801347,2947.478921176634,0.0,0.0,0.0,0.0,0.0,0.0,0.0,21.020477998911687,0.0,0.0,0.0,0.0,0.0,3895.9687690818687,-48524.219705459516,0.0,11421.00429505985,-11421.00429505985,6961.028462342943,17019.921431838866,56.20630169690295,1683.3498034342947,3895.9687690818687,46.08000610426667,46.0800061042663,25.89986725291542,25.899867252915385,0.0,11421.00429505985,0.0,22968.8136861111
171,C_bldg2_171,en_pv,12.0,C,3000.0,905.9272958438737,1692.6185726024141,0.0,0.0,0.0,0.0,0.0,0.0,0.0,21.020477998911687,0.0,0.0,0.0,0.0,0.0,3895.9687690818687,-70832.10208627717,0.0,9494.514637528157,-9494.514637528157,6961.028462342943,17019.921431838866,56.20630169690295,1683.3498034342947,3895.9687690818687,46.08000610426667,46.0800061042663,25.89986725291542,25.899867252915385,0.0,9494.514637528157,0.0,22968.8136861111
173,C_bldg2_173,en_pv,12.0,C,3000.0,584.6077437181889,1679.0278286494456,0.0,0.0,0.0,0.0,0.0,0.0,0.0,21.020477998911687,0.0,0.0,0.0,0.0,0.0,3895.9687690818687,-106311.46342998688,0.0,9159.604341449502,-9159.604341449502,6961.028462342943,17019.921431838866,56.20630169690295,1683.3498034342947,3895.9687690818687,46.08000610426667,46.0800061042663,25.89986725291542,25.899867252915385,0.0,9159.604341449502,0.0,22968.8136861111
175,C_bldg2_175,en_pv,12.0,C,3000.0,5753.441735157854,2947.478921176634,0.0,0.0,0.0,0.0,0.0,0.0,0.0,21.020477998911687,0.0,0.0,0.0,0.0,0.0,3895.9687690818687,-66266.22927793018,0.0,15596.889425416355,-15596.889425416355,6961.028462342943,17019.921431838866,56.20630169690295,1683.3498034342947,3895.9687690818687,46.08000610426667,46.0800061042663,25.89986725291542,25.899867252915385,0.0,15596.889425416355,0.0,22968.8136861111
176,C_bldg2_176,en_pv,12.0,C,3000.0,3303.970137783539,1692.6185726024141,0.0,0.0,0.0,0.0,0.0,0.0,0.0,21.020477998911687,0.0,0.0,0.0,0.0,0.0,3895.9687690818687,-88722.26518278263,0.0,11892.557479467823,-11892.557479467823,6961.028462342943,17019.921431838866,56.20630169690295,1683.3498034342947,3895.9687690818687,46.08000610426667,46.0800061042663,25.89986725291542,25.899867252915385,0.0,11892.557479467823,0.0,22968.8136861111
178,C_bldg2_178,en_pv,12.0,C,3000.0,2132.0988300310423,1679.0278286494456,0.0,0.0,0.0,0.0,0.0,0.0,0.0,21.020477998911687,0.0,0.0,0.0,0.0,0.0,3895.9687690818687,-124272.50583946129,0.0,10707.095427762357,-10707.095427762357,6961.028462342943,17019.921431838866,56.20630169690295,1683.3498034342947,3895.9687690818687,46.08000610426667,46.0800061042663,25.89986725291542,25.899867252915385,0.0,10707.095427762357,0.0,22968.8136861111
335,C_bldg2_335,en,12.0,C,3000.0,1577.556604801347,0.0,0.0,0.0,0.0,0.0,0.0,0.0,0.0,21.020477998911687,0.0,0.0,0.0,0.0,0.0,4657.073264028694,-39235.00920558577,0.0,9234.629868830041,-9234.629868830041,0.0,22968.813686111112,0.0,2295.00870154225,4657.073264028694,100.0,100.0,0.0,0.0,0.0,9234.629868830041,0.0,22968.8136861111
336,C_bldg2_336,en,12.0,C,3000.0,905.9272958438737,0.0,0.0,0.0,0.0,0.0,0.0,0.0,0.0,21.020477998911687,0.0,0.0,0.0,0.0,0.0,4657.073264028694,-63882.7104888903,0.0,8563.000559872567,-8563.000559872567,0.0,22968.813686111112,0.0,2295.00870154225,4657.073264028694,100.0,100.0,0.0,0.0,0.0,8563.000559872567,0.0,22968.8136861111
338,C_bldg2_338,en,12.0,C,3000.0,584.6077437181889,0.0,0.0,0.0,0.0,0.0,0.0,0.0,0.0,21.020477998911687,0.0,0.0,0.0,0.0,0.0,4657.073264028694,-95657.53458277047,0.0,8241.681007746884,-8241.681007746884,0.0,22968.813686111112,0.0,2295.00870154225,4657.073264028694,100.0,100.0,0.0,0.0,0.0,8241.681007746884,0.0,22968.8136861111
340,C_bldg2_340,en,12.0,C,3000.0,5753.441735157854,0.0,0.0,0.0,0.0,0.0,0.0,0.0,0.0,21.020477998911687,0.0,0.0,0.0,0.0,0.0,4657.073264028694,-56977.01877805643,0.0,13410.514999186547,-13410.514999186547,0.0,22968.813686111112,0.0,2295.00870154225,4657.073264028694,100.0,100.0,0.0,0.0,0.0,13410.514999186547,0.0,22968.8136861111
341,C_bldg2_341,en,12.0,C,3000.0,3303.970137783539,0.0,0.0,0.0,0.0,0.0,0.0,0.0,0.0,21.020477998911687,0.0,0.0,0.0,0.0,0.0,4657.073264028694,-81772.87358539572,0.0,10961.043401812234,-10961.043401812234,0.0,22968.813686111112,0.0,2295.00870154225,4657.073264028694,100.0,100.0,0.0,0.0,0.0,10961.043401812234,0.0,22968.8136861111
343,C_bldg2_343,en,12.0,C,3000.0,2132.0988300310423,0.0,0.0,0.0,0.0,0.0,0.0,0.0,0.0,21.020477998911687,0.0,0.0,0.0,0.0,0.0,4657.073264028694,-113618.57699224474,0.0,9789.172094059735,-9789.172094059735,0.0,22968.813686111112,0.0,2295.00870154225,4657.073264028694,100.0,100.0,0.0,0.0,0.0,9789.172094059735,0.0,22968.8136861111
350,C_bldg2_350,en,12.0,C,3000.0,1577.556604801347,0.0,0.0,0.0,0.0,0.0,0.0,0.0,0.0,21.020477998911687,0.0,0.0,0.0,0.0,0.0,5346.265840095501,-42163.16955965398,0.0,9923.822444896847,-9923.822444896847,0.0,22968.813686111112,0.0,2295.00870154225,5346.265840095501,100.0,100.0,0.0,0.0,0.0,9923.822444896847,0.0,22968.8136861111
351,C_bldg2_351,en,12.0,C,3000.0,905.9272958438737,0.0,0.0,0.0,0.0,0.0,0.0,0.0,0.0,21.020477998911687,0.0,0.0,0.0,0.0,0.0,5346.265840095501,-69024.30653342254,0.0,9252.193135939375,-9252.193135939375,0.0,22968.813686111112,0.0,2295.00870154225,5346.265840095501,100.0,100.0,0.0,0.0,0.0,9252.193135939375,0.0,22968.8136861111
353,C_bldg2_353,en,12.0,C,3000.0,584.6077437181889,0.0,0.0,0.0,0.0,0.0,0.0,0.0,0.0,21.020477998911687,0.0,0.0,0.0,0.0,0.0,5346.265840095501,-103656.68701506313,0.0,8930.873583813689,-8930.873583813689,0.0,22968.813686111112,0.0,2295.00870154225,5346.265840095501,100.0,100.0,0.0,0.0,0.0,8930.873583813689,0.0,22968.8136861111
355,C_bldg2_355,en,12.0,C,3000.0,5753.441735157854,0.0,0.0,0.0,0.0,0.0,0.0,0.0,0.0,21.020477998911687,0.0,0.0,0.0,0.0,0.0,5346.265840095501,-59905.17913212468,0.0,14099.707575253355,-14099.707575253355,0.0,22968.813686111112,0.0,2295.00870154225,5346.265840095501,100.0,100.0,0.0,0.0,0.0,14099.707575253355,0.0,22968.8136861111
356,C_bldg2_356,en,12.0,C,3000.0,3303.970137783539,0.0,0.0,0.0,0.0,0.0,0.0,0.0,0.0,21.020477998911687,0.0,0.0,0.0,0.0,0.0,5346.265840095501,-86914.46962992796,0.0,11650.235977879041,-11650.235977879041,0.0,22968.813686111112,0.0,2295.00870154225,5346.265840095501,100.0,100.0,0.0,0.0,0.0,11650.235977879041,0.0,22968.8136861111
358,C_bldg2_358,en,12.0,C,3000.0,2132.0988300310423,0.0,0.0,0.0,0.0,0.0,0.0,0.0,0.0,21.020477998911687,0.0,0.0,0.0,0.0,0.0,5346.265840095501,-121617.72942453751,0.0,10478.364670126542,-10478.364670126542,0.0,22968.813686111112,0.0,2295.00870154225,5346.265840095501,100.0,100.0,0.0,0.0,0.0,10478.364670126542,0.0,22968.8136861111
